dates,PF575,satname
1984-05-06 17:49:52+00:00,102.05958715974398,L5
1985-04-23 17:52:47+00:00,113.22842237248119,L5
1985-08-13 17:52:13+00:00,125.746764682271,L5
1985-09-14 17:51:50+00:00,123.60076020676374,L5
1985-11-01 17:51:17+00:00,108.45213495503896,L5
1986-02-05 17:49:27+00:00,,L5
1986-02-21 17:49:05+00:00,,L5
1986-05-12 17:47:17+00:00,101.34091187729827,L5
1986-06-13 17:46:21+00:00,104.355385574566,L5
1986-07-15 17:45:17+00:00,107.86301939921225,L5
1986-09-01 17:43:32+00:00,106.38691246931126,L5
1986-10-03 17:42:31+00:00,92.12403099124762,L5
1986-11-04 17:41:25+00:00,,L5
1986-12-22 17:41:34+00:00,93.14015420289267,L5
1987-02-08 17:43:05+00:00,96.38733039210526,L5
1987-03-28 17:44:54+00:00,101.04049018550612,L5
1987-04-13 17:45:26+00:00,95.55815701931083,L5
1987-05-31 17:46:46+00:00,106.7947644493093,L5
1987-06-16 17:47:08+00:00,117.75890165041095,L5
1987-07-18 17:47:46+00:00,116.03858986534243,L5
1987-08-19 17:48:43+00:00,104.0390235967125,L5
1987-09-04 17:49:08+00:00,107.80381125591975,L5
1988-05-01 17:52:46+00:00,,L5
1988-07-04 17:53:12+00:00,116.96095212217749,L5
1988-07-20 17:53:15+00:00,115.40287355559161,L5
1988-09-22 17:53:14+00:00,113.47056290986274,L5
1989-03-17 17:51:38+00:00,119.0525248953476,L5
1989-04-02 17:51:36+00:00,110.01630422663317,L5
1989-06-05 17:50:45+00:00,111.95883307082514,L5
1989-06-21 17:50:19+00:00,,L5
1989-08-24 17:49:03+00:00,125.97360082280964,L5
1989-09-09 17:48:38+00:00,129.12487652492575,L5
1989-10-27 17:47:16+00:00,126.8132128637587,L5
1989-11-28 17:46:28+00:00,103.84619863883415,L5
1990-05-07 17:42:44+00:00,115.14958528319225,L5
1990-08-27 17:42:26+00:00,129.63833919294856,L5
1990-09-12 17:42:24+00:00,121.03214438142413,L5
1990-10-14 17:42:08+00:00,,L5
1990-10-30 17:41:59+00:00,115.25534828231139,L5
1991-09-15 17:46:27+00:00,110.23674942059537,L5
1992-01-21 17:46:48+00:00,,L5
1992-04-10 17:46:32+00:00,110.98763195946557,L5
1992-04-26 17:46:24+00:00,124.76784414931168,L5
1992-05-12 17:46:15+00:00,124.47181182358273,L5
1992-06-13 17:45:55+00:00,109.75624214136154,L5
1992-08-16 17:45:05+00:00,110.95304514227058,L5
1992-10-03 17:44:13+00:00,111.85595168170178,L5
1992-10-19 17:44:00+00:00,115.41206993384267,L5
1992-11-20 17:43:31+00:00,110.22827112011065,L5
1992-12-06 17:43:46+00:00,101.18632523935962,L5
1992-12-22 17:43:56+00:00,97.71673992194897,L5
1993-01-23 17:44:16+00:00,,L5
1993-04-13 17:44:52+00:00,117.77025376846245,L5
1993-05-31 17:45:05+00:00,121.12798150940772,L5
1993-06-16 17:45:03+00:00,105.96166702590207,L5
1993-10-22 17:44:41+00:00,122.19323232296975,L5
1993-11-07 17:44:35+00:00,118.3676877315777,L5
1993-12-09 17:44:24+00:00,109.48711786782503,L5
1994-01-10 17:44:00+00:00,90.07374431265345,L5
1994-02-11 17:43:38+00:00,,L5
1994-02-27 17:43:23+00:00,,L5
1994-03-15 17:43:09+00:00,108.54412468937907,L5
1994-06-19 17:41:22+00:00,109.16751561436104,L5
1994-07-05 17:40:57+00:00,128.92393114537646,L5
1994-07-21 17:40:31+00:00,108.95659558484515,L5
1994-08-22 17:39:41+00:00,111.03241053196089,L5
1994-09-07 17:39:17+00:00,110.66936347776416,L5
1994-09-23 17:38:51+00:00,126.82039954936826,L5
1994-10-09 17:38:23+00:00,125.63990874390859,L5
1995-06-06 17:29:06+00:00,106.43027900396243,L5
1995-09-10 17:24:43+00:00,105.18818717655759,L5
1996-04-05 17:31:16+00:00,99.68372026743087,L5
1996-04-21 17:32:15+00:00,106.4206425229157,L5
1996-05-07 17:33:11+00:00,102.66557713412624,L5
1996-05-23 17:34:06+00:00,112.26266804674863,L5
1996-06-08 17:35:00+00:00,127.54298054798909,L5
1996-09-12 17:40:08+00:00,103.94941920950923,L5
1996-12-01 17:44:08+00:00,102.21654601324448,L5
1996-12-17 17:44:52+00:00,114.49611184203255,L5
1997-01-18 17:46:23+00:00,104.2173232239968,L5
1997-02-19 17:47:47+00:00,96.96522023629603,L5
1997-03-07 17:48:26+00:00,112.74199787686723,L5
1997-04-24 17:50:12+00:00,88.4043729402096,L5
1997-06-27 17:52:25+00:00,133.7357865239595,L5
1997-08-14 17:54:01+00:00,121.91355148965442,L5
1997-08-30 17:54:30+00:00,122.76563274198479,L5
1997-10-17 17:55:51+00:00,102.9225078451658,L5
1997-11-02 17:56:17+00:00,93.17173666967714,L5
1997-11-18 17:56:39+00:00,97.08311701595221,L5
1997-12-04 17:57:03+00:00,,L5
1998-01-21 17:58:09+00:00,100.82721175334973,L5
1998-03-10 17:59:04+00:00,105.71574946972241,L5
1998-04-27 17:59:41+00:00,98.8544354841783,L5
1998-06-14 18:00:25+00:00,108.62409663011125,L5
1998-06-30 18:00:37+00:00,104.6753458015225,L5
1998-10-04 18:01:23+00:00,110.71648781700782,L5
1998-10-20 18:01:22+00:00,92.99766186722084,L5
1998-11-21 18:01:35+00:00,,L5
1998-12-07 18:01:30+00:00,,L5
1998-12-23 18:01:36+00:00,,L5
1999-01-08 18:01:35+00:00,106.78892519307213,L5
1999-02-25 18:01:47+00:00,118.3620663777171,L5
1999-03-13 18:01:35+00:00,118.394978475404,L5
1999-08-12 18:15:26+00:00,120.81135381634915,L7
1999-09-29 18:15:34+00:00,109.61816071589246,L7
1999-10-23 17:59:02+00:00,128.25292394427566,L5
1999-10-31 18:15:26+00:00,115.43177611476685,L7
1999-11-24 17:57:54+00:00,,L5
1999-12-02 18:15:21+00:00,111.17030416189749,L7
1999-12-18 18:15:29+00:00,125.52630047855999,L7
1999-12-26 17:57:39+00:00,90.90025969097229,L5
2000-01-03 18:15:22+00:00,105.29853711321935,L7
2000-01-27 17:57:01+00:00,122.58558205758683,L5
2000-02-04 18:15:19+00:00,99.65114636988437,L7
2000-03-23 18:15:09+00:00,95.7357920005849,L7
2000-03-31 17:56:57+00:00,107.92475772496798,L5
2000-04-16 17:57:11+00:00,102.33137465311916,L5
2000-05-02 17:58:01+00:00,102.39294665229514,L5
2000-05-18 17:58:20+00:00,102.17434057985055,L5
2000-05-26 18:14:30+00:00,123.83161453470355,L7
2000-06-11 18:14:24+00:00,117.13818214933194,L7
2000-06-19 17:59:00+00:00,110.32539209899087,L5
2000-07-05 17:59:21+00:00,110.0799713603104,L5
2000-07-13 18:14:01+00:00,116.65022255618702,L7
2000-08-22 18:00:17+00:00,,L5
2000-10-17 18:12:42+00:00,109.23860435161373,L7
2000-10-25 18:01:17+00:00,,L5
2000-11-02 18:12:54+00:00,126.54813342842317,L7
2000-11-18 18:12:52+00:00,122.1161664978438,L7
2000-11-26 18:01:45+00:00,99.11955905526169,L5
2000-12-04 18:12:52+00:00,117.78715771662337,L7
2000-12-28 18:02:15+00:00,92.50213891651865,L5
2001-01-13 18:02:23+00:00,,L5
2001-04-27 18:12:37+00:00,106.74570288366026,L7
2001-06-14 18:12:08+00:00,117.4392188114568,L7
2001-07-16 18:11:53+00:00,124.42150911113983,L7
2001-07-24 18:02:52+00:00,117.66023797018713,L5
2001-10-04 18:10:48+00:00,126.73190669478565,L7
2001-10-12 18:02:30+00:00,124.95080366167218,L5
2001-10-20 18:10:51+00:00,130.15387480736896,L7
2002-05-24 17:59:16+00:00,108.1117158451038,L5
2002-06-01 18:11:09+00:00,116.9381215520296,L7
2002-07-27 17:57:48+00:00,121.07985982815049,L5
2002-08-28 17:56:49+00:00,125.43132753279308,L5
2002-10-07 18:10:15+00:00,114.35695374328039,L7
2002-11-16 17:54:24+00:00,111.05657364164662,L5
2002-12-18 17:54:12+00:00,,L5
2002-12-26 18:10:53+00:00,104.15037017829951,L7
2003-01-03 17:54:40+00:00,85.64484758602501,L5
2003-01-11 18:10:55+00:00,102.86108733257805,L7
2003-01-27 18:11:02+00:00,112.34898818001307,L7
2003-02-04 17:55:21+00:00,102.56872037056021,L5
2003-02-20 17:55:43+00:00,87.84215893837128,L5
2003-04-01 18:11:16+00:00,97.04077766760314,L7
2003-04-09 17:57:00+00:00,118.31925775907379,L5
2003-05-11 17:57:41+00:00,132.14474296048672,L5
2003-06-12 17:58:17+00:00,127.78376513394707,L5
2003-11-19 18:00:55+00:00,119.08923542082785,L5
2004-01-22 18:01:22+00:00,,L5
2004-02-15 18:11:39+00:00,118.2412570512628,L7
2004-04-11 18:02:08+00:00,135.3758698439112,L5
2004-04-19 18:11:40+00:00,108.19749350209298,L7
2004-04-27 18:02:35+00:00,131.1461996364369,L5
2004-05-29 18:03:30+00:00,128.397998511178,L5
2004-06-06 18:11:38+00:00,120.66845162901811,L7
2004-07-16 18:04:54+00:00,126.41079007399007,L5
2004-08-25 18:11:19+00:00,128.7430611420893,L7
2004-09-10 18:11:13+00:00,135.90920123526433,L7
2004-09-18 18:06:28+00:00,104.47531057490363,L5
2004-10-12 18:11:06+00:00,121.96632195973669,L7
2004-11-29 18:11:39+00:00,99.06901171995482,L7
2004-12-15 18:11:45+00:00,97.36227447499039,L7
2005-03-21 18:12:14+00:00,103.02444676253131,L7
2005-06-25 18:11:57+00:00,118.57229727421239,L7
2005-08-28 18:11:46+00:00,118.32553741241546,L7
2005-09-13 18:11:36+00:00,124.50704132796446,L7
2005-09-21 18:10:39+00:00,114.53414786812617,L5
2005-09-29 18:11:37+00:00,114.029917203585,L7
2005-10-07 18:10:36+00:00,106.62963567994012,L5
2005-10-31 18:11:53+00:00,117.6668561421464,L7
2005-11-16 18:12:03+00:00,107.12897088993935,L7
2005-11-24 18:11:11+00:00,119.31265833444935,L5
2006-01-19 18:12:28+00:00,89.9421257496472,L7
2006-01-27 18:12:38+00:00,109.64478220177887,L5
2006-02-12 18:13:01+00:00,99.4310881927216,L5
2006-02-20 18:12:37+00:00,118.62052805906158,L7
2006-03-08 18:12:39+00:00,114.1801807584158,L7
2006-03-24 18:12:38+00:00,130.99837114041162,L7
2006-04-09 18:12:35+00:00,105.30670816775661,L7
2006-06-12 18:12:33+00:00,105.29969716122633,L7
2006-06-20 18:15:13+00:00,123.8694827383627,L5
2006-06-28 18:12:28+00:00,107.05184392265244,L7
2006-07-14 18:12:20+00:00,104.70602341762253,L7
2006-07-22 18:15:41+00:00,122.0283518783384,L5
2006-08-07 18:15:53+00:00,125.86171299172256,L5
2006-08-15 18:12:13+00:00,120.64230996190724,L7
2006-09-08 18:16:15+00:00,105.22671532302826,L5
2006-09-16 18:12:04+00:00,122.06818599981543,L7
2006-09-24 18:16:27+00:00,103.63728615309476,L5
2006-10-10 18:16:38+00:00,106.03249580255556,L5
2006-10-18 18:12:05+00:00,130.0077325030125,L7
2006-10-26 18:16:49+00:00,106.21816908164433,L5
2006-11-11 18:16:58+00:00,108.40076808653096,L5
2006-12-29 18:17:19+00:00,102.37458930964804,L5
2007-03-11 18:13:04+00:00,119.85096342176722,L7
2007-06-23 18:16:26+00:00,130.4193522259646,L5
2007-09-03 18:12:26+00:00,126.7201247142572,L7
2007-09-11 18:15:39+00:00,128.51486441028052,L5
2007-10-05 18:12:12+00:00,122.50851181555413,L7
2008-01-17 18:13:38+00:00,135.5286233253579,L5
2008-03-13 18:12:41+00:00,122.78887848131276,L7
2008-05-16 18:12:32+00:00,117.80431948977014,L7
2008-06-25 18:09:56+00:00,125.02965865757663,L5
2008-08-04 18:11:46+00:00,111.87683971995148,L7
2008-08-12 18:08:32+00:00,128.92918965670015,L5
2008-08-20 18:11:40+00:00,127.26316095983844,L7
2008-09-21 18:11:23+00:00,129.04285746994313,L7
2008-10-15 18:06:38+00:00,111.19288386691628,L5
2008-10-23 18:11:22+00:00,126.87126465062885,L7
2008-10-31 18:06:04+00:00,110.4411601425154,L5
2008-11-08 18:11:37+00:00,123.95420946003998,L7
2008-11-16 18:05:52+00:00,103.16065646707654,L5
2008-12-26 18:12:08+00:00,,L7
2009-01-27 18:12:18+00:00,103.85787534989299,L7
2009-02-04 18:08:10+00:00,142.3654423342068,L5
2009-02-20 18:08:33+00:00,121.5694625464351,L5
2009-02-28 18:12:35+00:00,115.47162013002324,L7
2009-03-16 18:12:43+00:00,126.41507778739813,L7
2009-03-24 18:09:17+00:00,100.14384640416122,L5
2009-04-17 18:12:54+00:00,125.37120680889511,L7
2009-04-25 18:09:56+00:00,104.23338636366596,L5
2009-07-14 18:11:23+00:00,136.33009770643054,L5
2009-07-22 18:12:50+00:00,124.3743610017842,L7
2009-08-07 18:12:44+00:00,126.1853551614182,L7
2009-08-15 18:11:52+00:00,129.64471221450987,L5
2009-09-08 18:12:43+00:00,122.2739220781551,L7
2009-09-16 18:12:20+00:00,129.5331130013281,L5
2009-09-24 18:12:41+00:00,128.74483205225087,L7
2009-10-10 18:12:36+00:00,117.02022290347549,L7
2009-10-26 18:12:53+00:00,118.17144275974455,L7
2009-11-19 18:12:55+00:00,,L5
2009-11-27 18:13:18+00:00,109.1823289913638,L7
2009-12-29 18:13:48+00:00,103.28100777430085,L7
2010-03-27 18:13:28+00:00,110.12087856723939,L5
2010-04-04 18:14:45+00:00,128.71177170998288,L7
2010-05-06 18:14:42+00:00,124.68141866504735,L7
2010-05-30 18:13:15+00:00,110.76803403413382,L5
2010-08-10 18:14:45+00:00,119.0089766509372,L7
2010-08-18 18:12:52+00:00,123.71405612996949,L5
2010-08-26 18:14:48+00:00,111.17383974268182,L7
2010-10-29 18:15:03+00:00,111.40916326980673,L7
2010-11-14 18:15:16+00:00,121.76514442370677,L7
2010-12-24 18:12:26+00:00,100.98951029937645,L5
2011-01-01 18:15:43+00:00,114.81919591085841,L7
2011-01-17 18:15:51+00:00,118.93427706356411,L7
2011-01-25 18:12:28+00:00,115.51193020853883,L5
2011-02-02 18:15:57+00:00,101.96541582479978,L7
2011-02-10 18:12:31+00:00,116.02478265460486,L5
2011-02-18 18:16:00+00:00,95.94144064656084,L7
2011-03-14 18:12:26+00:00,130.9019934744814,L5
2011-04-15 18:12:17+00:00,118.94661305856476,L5
2011-06-02 18:12:00+00:00,119.31188221308277,L5
2011-06-18 18:11:51+00:00,129.02736099814086,L5
2011-07-04 18:11:45+00:00,124.78957028247063,L5
2011-07-12 18:16:04+00:00,121.58012197256622,L7
2011-08-05 18:11:28+00:00,128.49394862867587,L5
2011-10-08 18:10:37+00:00,127.28023068185723,L5
2012-01-04 18:16:34+00:00,113.0271491918143,L7
2012-01-20 18:16:33+00:00,114.93739379691515,L7
2012-02-05 18:16:38+00:00,112.23441313431067,L7
2012-05-11 18:17:14+00:00,121.84173339631383,L7
2012-05-27 18:17:04+00:00,117.27184930941036,L7
2012-07-30 18:17:28+00:00,,L7
2012-08-15 18:17:41+00:00,127.1293295292322,L7
2012-08-31 18:17:50+00:00,123.67568249403776,L7
2012-11-03 18:18:23+00:00,102.81810740764546,L7
2012-11-19 18:18:31+00:00,114.10274118251672,L7
2012-12-21 18:18:40+00:00,104.3978385541312,L7
2013-01-06 18:18:42+00:00,124.85845175677822,L7
2013-01-22 18:18:44+00:00,124.78678292011752,L7
2013-02-07 18:18:46+00:00,111.12152268875454,L7
2013-03-19 18:21:21+00:00,126.59388334131702,L8
2013-04-12 18:18:33+00:00,95.7170855583743,L7
2013-04-20 18:24:20+00:00,117.6248723436268,L8
2013-06-15 18:18:12+00:00,120.78974277640697,L7
2013-07-17 18:17:55+00:00,119.21231322564984,L7
2013-08-02 18:17:48+00:00,119.65075855390056,L7
2013-08-10 18:24:33+00:00,124.53722047340742,L8
2013-09-19 18:18:14+00:00,107.99473394045691,L7
2013-09-27 18:24:25+00:00,126.81365621636452,L8
2013-10-05 18:18:26+00:00,109.68794544171217,L7
2013-10-13 18:24:25+00:00,118.89719600370431,L8
2013-10-21 18:18:36+00:00,111.026623049521,L7
2013-10-29 18:24:16+00:00,116.26744141315709,L8
2013-11-06 18:18:41+00:00,98.64636246226807,L7
2013-11-14 18:24:15+00:00,123.70661141911285,L8
2013-12-16 18:24:03+00:00,104.87814253658377,L8
2013-12-24 18:18:56+00:00,117.52975558156137,L7
2014-01-01 18:23:56+00:00,95.06720545498685,L8
2014-01-09 18:18:59+00:00,123.80799898932064,L7
2014-01-17 18:23:41+00:00,103.42434481784882,L8
2014-01-25 18:19:20+00:00,124.87723014759479,L7
2014-03-06 18:23:07+00:00,106.55399332833149,L8
2014-03-30 18:19:31+00:00,93.44092100997263,L7
2014-04-07 18:22:41+00:00,127.18438289416218,L8
2014-04-23 18:22:25+00:00,123.5665732127502,L8
2014-05-01 18:19:46+00:00,113.00190370426483,L7
2014-05-09 18:22:09+00:00,129.13774718376555,L8
2014-05-25 18:22:04+00:00,129.09069428867045,L8
2014-06-02 18:19:56+00:00,112.32879235236922,L7
2014-06-18 18:19:57+00:00,114.699008489459,L7
2014-07-28 18:22:28+00:00,127.81441437499359,L8
2014-08-05 18:20:12+00:00,122.36139806528845,L7
2014-08-29 18:22:37+00:00,98.4079958417384,L8
2014-09-06 18:20:12+00:00,129.9611560281827,L7
2014-09-14 18:22:41+00:00,109.12024527491191,L8
2014-09-22 18:20:17+00:00,124.47430888392438,L7
2014-09-30 18:22:42+00:00,105.50222143449943,L8
2014-10-16 18:22:47+00:00,115.73515868966865,L8
2014-10-24 18:20:38+00:00,106.06472560786186,L7
2014-11-17 18:22:44+00:00,117.96003452151704,L8
2014-12-19 18:22:40+00:00,107.32944515572862,L8
2014-12-27 18:21:04+00:00,105.80409198277611,L7
2015-02-13 18:21:12+00:00,112.87073826274067,L7
2015-03-09 18:22:12+00:00,104.7303335894513,L8
2015-03-25 18:22:04+00:00,106.11843891812673,L8
2015-04-10 18:21:55+00:00,126.92558818459412,L8
2015-04-18 18:21:46+00:00,104.39460380038138,L7
2015-04-26 18:21:51+00:00,117.3720414642462,L8
2015-06-21 18:22:09+00:00,,L7
2015-07-15 18:22:06+00:00,104.92099840831263,L8
2015-07-23 18:22:18+00:00,125.4044505109317,L7
2015-08-08 18:22:22+00:00,125.85282120551972,L7
2015-08-10 18:33:34+00:00,118.92521878285453,S2
2015-09-01 18:22:21+00:00,98.32635233196372,L8
2015-09-02 18:44:34+00:00,122.80713501830951,S2
2015-09-17 18:22:30+00:00,107.36642257249908,L8
2015-09-22 18:44:30+00:00,134.4622860107649,S2
2015-09-29 18:33:12+00:00,97.75451646008099,S2
2015-10-03 18:22:34+00:00,114.35641452059089,L8
2015-10-11 18:22:41+00:00,108.13061895035105,L7
2015-10-22 18:40:04+00:00,120.54034035389544,S2
2015-11-11 18:39:56+00:00,105.22120829319738,S2
2015-11-12 18:23:13+00:00,106.96468343763593,L7
2015-11-20 18:22:41+00:00,109.33669481512608,L8
2015-11-21 18:44:25+00:00,115.97558150101722,S2
2015-11-28 18:23:26+00:00,103.1783873097369,L7
2015-12-08 18:35:44+00:00,91.14558711736657,S2
2015-12-18 18:37:04+00:00,97.63641974585313,S2
2015-12-21 18:45:25+00:00,115.95303836933951,S2
2015-12-21 18:45:25+00:00,115.95303836933951,S2
2015-12-30 18:23:55+00:00,103.99672866342334,L7
2015-12-31 18:46:06+00:00,109.3598113047747,S2
2016-01-17 18:34:34+00:00,100.0463688993063,S2
2016-01-20 18:45:21+00:00,111.18329477094682,S2
2016-01-20 18:45:21+00:00,111.18329477094682,S2
2016-02-06 18:33:06+00:00,95.17471794564007,S2
2016-02-08 18:22:33+00:00,90.72605055197317,L8
2016-02-09 18:44:43+00:00,95.57837405526085,S2
2016-02-16 18:26:36+00:00,114.02208407319199,L7
2016-02-16 18:26:36+00:00,111.87143986305979,S2
2016-02-19 18:44:42+00:00,102.18059549333256,S2
2016-02-24 18:22:26+00:00,94.6209223917364,L8
2016-03-27 18:22:15+00:00,105.83859082170986,L8
2016-03-30 18:42:50+00:00,113.85210090728776,S2
2016-03-30 18:42:50+00:00,113.85210090728776,S2
2016-04-19 18:44:29+00:00,111.8479482779144,S2
2016-04-20 18:24:51+00:00,105.6170143503106,L7
2016-04-29 18:40:37+00:00,129.4848198706797,S2
2016-06-15 18:33:52+00:00,109.26940809063598,S2
2016-06-15 18:33:52+00:00,,L8
2016-06-15 18:33:52+00:00,109.26940809063598,S2
2016-06-23 18:25:06+00:00,101.38924725681524,L7
2016-07-05 18:33:12+00:00,,S2
2016-07-09 18:25:06+00:00,119.86365563303036,L7
2016-07-15 18:30:13+00:00,114.4140211980793,S2
2016-07-15 18:30:13+00:00,114.4140211980793,S2
2016-08-02 18:22:34+00:00,98.44533157682386,L8
2016-08-04 18:33:28+00:00,97.96536231579782,S2
2016-08-10 18:25:10+00:00,121.39021919963353,L7
2016-08-14 18:33:12+00:00,118.71551935532,S2
2016-08-17 18:38:24+00:00,117.61675646126412,S2
2016-08-24 18:33:19+00:00,114.22895928227183,S2
2016-09-03 18:33:09+00:00,102.70574566914132,L8
2016-09-03 18:33:09+00:00,101.54864601933457,S2
2016-09-06 18:38:14+00:00,102.1921227394243,S2
2016-09-23 18:34:38+00:00,99.53555017958296,S2
2016-09-26 18:38:51+00:00,115.06394859246504,S2
2016-09-27 18:25:18+00:00,123.09767551035549,L7
2016-10-03 18:24:56+00:00,99.56900858268106,S2
2016-10-05 18:22:49+00:00,100.77260329828678,L8
2016-10-06 18:44:23+00:00,100.87721380499588,S2
2016-10-13 18:33:05+00:00,104.84890688058006,L7
2016-10-13 18:33:05+00:00,105.75274756542379,S2
2016-10-16 18:39:46+00:00,97.73268802163085,S2
2016-10-16 18:39:46+00:00,97.73268802163085,S2
2016-10-21 18:22:53+00:00,104.29165077681454,L8
2016-10-26 18:44:24+00:00,116.93009328228842,S2
2016-11-05 18:43:37+00:00,98.58675903048677,S2
2016-11-06 18:22:53+00:00,97.71754946792282,L8
2016-11-12 18:31:28+00:00,99.53133344980998,S2
2016-11-14 18:25:05+00:00,99.23147192819552,L7
2016-11-22 18:28:02+00:00,97.83426861035511,S2
2016-11-22 18:28:02+00:00,111.06930311390495,L8
2016-11-22 18:28:02+00:00,97.83426861035511,S2
2016-11-25 18:37:11+00:00,110.96712652071125,S2
2016-11-30 18:25:03+00:00,98.33323031458752,L7
2016-12-02 18:27:28+00:00,88.15111701002,S2
2016-12-08 18:22:51+00:00,110.72377977322904,L8
2017-01-01 18:27:43+00:00,89.51682983884339,L7
2017-01-04 18:41:16+00:00,114.1751828079032,S2
2017-01-17 18:24:40+00:00,110.37301890179806,L7
2017-01-25 18:22:38+00:00,100.0567415057642,L8
2017-01-31 18:25:58+00:00,,S2
2017-02-02 18:24:32+00:00,101.9276518931619,L7
2017-02-13 18:37:21+00:00,103.1832778922926,S2
2017-02-23 18:44:21+00:00,101.77562336453178,S2
2017-03-02 18:33:02+00:00,99.81300055538094,S2
2017-03-06 18:24:40+00:00,112.43623986669657,L7
2017-03-14 18:22:16+00:00,107.33265275605014,L8
2017-03-25 18:35:11+00:00,111.14767810471955,S2
2017-03-30 18:22:08+00:00,89.46704809325058,L8
2017-04-01 18:30:59+00:00,97.86227053843149,S2
2017-04-04 18:44:24+00:00,116.26608224978267,S2
2017-04-07 18:24:50+00:00,106.17088021677472,L7
2017-04-11 18:33:08+00:00,96.29796508265494,S2
2017-04-14 18:43:20+00:00,96.07908215278991,S2
2017-04-15 18:22:00+00:00,103.36812628636514,L8
2017-04-21 18:29:38+00:00,111.23628179199002,S2
2017-05-01 18:33:11+00:00,100.30703527750461,L8
2017-05-01 18:33:11+00:00,99.02161980611226,S2
2017-06-02 18:22:10+00:00,115.1236245075808,L8
2017-07-05 18:33:16+00:00,111.66657081571368,S2
2017-07-12 18:25:12+00:00,105.10327554869626,L7
2017-07-15 18:32:05+00:00,109.4285583465754,S2
2017-08-04 18:33:48+00:00,,S2
2017-08-05 18:22:32+00:00,117.38983858939663,L8
2017-08-09 18:33:22+00:00,98.48433229770046,S2
2017-08-14 18:34:52+00:00,112.29826069338166,S2
2017-08-17 18:44:24+00:00,115.2220752896014,S2
2017-08-21 18:22:37+00:00,100.81721550611957,L8
2017-09-01 18:39:59+00:00,115.51469639064622,S2
2017-09-23 18:32:56+00:00,92.94112750120357,S2
2017-09-26 18:44:12+00:00,113.3546644934008,S2
2017-09-30 18:25:08+00:00,115.66017148142146,L7
2017-10-01 18:43:27+00:00,113.06661172264339,S2
2017-10-06 18:35:44+00:00,107.84543163976414,S2
2017-10-08 18:33:08+00:00,98.61682223012836,L8
2017-10-08 18:33:08+00:00,86.58865653875404,S2
2017-10-13 18:32:55+00:00,98.12895201356157,S2
2017-10-16 18:44:13+00:00,120.01164538797634,L7
2017-10-16 18:44:13+00:00,118.17586672029122,S2
2017-10-18 18:30:48+00:00,101.05635296521044,S2
2017-10-21 18:44:26+00:00,104.57111132007304,S2
2017-10-23 18:26:49+00:00,91.24393374414342,S2
2017-10-24 18:22:51+00:00,102.27569287192772,L8
2017-10-26 18:44:38+00:00,104.56451897032092,S2
2017-11-10 18:44:43+00:00,103.5617176704684,S2
2017-11-20 18:36:50+00:00,99.01244010179605,S2
2017-11-22 18:33:16+00:00,94.75793615133898,S2
2017-11-25 18:22:43+00:00,96.74388771548143,L8
2017-12-07 18:33:04+00:00,94.83370415247464,S2
2017-12-11 18:22:42+00:00,115.92238144110016,L8
2017-12-12 18:33:53+00:00,119.6553393240703,S2
2017-12-15 18:39:26+00:00,114.58446699999945,S2
2017-12-17 18:27:50+00:00,92.56676076330733,S2
2017-12-19 18:24:52+00:00,100.63934568742208,L7
2017-12-20 18:44:22+00:00,103.02791573488533,S2
2017-12-22 18:31:28+00:00,95.40426961007651,S2
2017-12-27 18:33:03+00:00,120.43607016395917,L8
2017-12-27 18:33:03+00:00,115.39397922600756,S2
2017-12-30 18:37:50+00:00,124.92937501662757,S2
2018-01-04 18:44:35+00:00,96.50334090885417,L7
2018-01-04 18:44:35+00:00,97.83871629068412,S2
2018-01-11 18:27:20+00:00,111.02581375417552,S2
2018-01-14 18:37:16+00:00,109.80986306979555,S2
2018-01-20 18:24:25+00:00,,L7
2018-01-21 18:26:47+00:00,,S2
2018-01-26 18:29:58+00:00,116.02518470075518,S2
2018-01-28 18:22:28+00:00,111.55875066263027,L8
2018-01-29 18:44:42+00:00,113.6251573252047,S2
2018-01-31 18:25:58+00:00,94.95334427272044,S2
2018-02-03 18:35:47+00:00,104.31935010064949,S2
2018-02-05 18:25:35+00:00,106.8577209382682,L7
2018-02-05 18:25:35+00:00,100.64173621750902,S2
2018-02-08 18:35:21+00:00,117.44100138106637,S2
2018-02-15 18:33:42+00:00,90.72147424670365,S2
2018-02-20 18:24:53+00:00,93.54196365691064,S2
2018-02-25 18:35:05+00:00,118.76945772819192,S2
2018-02-28 18:38:43+00:00,107.5263897680772,S2
2018-03-01 18:22:15+00:00,99.17575921573454,L8
2018-03-02 18:24:00+00:00,94.17761206865484,S2
2018-03-05 18:37:18+00:00,106.18022750709832,S2
2018-03-09 18:23:49+00:00,111.1731454303347,L7
2018-03-17 18:29:08+00:00,106.78890577734862,L8
2018-03-17 18:29:08+00:00,84.22089004855647,S2
2018-03-20 18:40:03+00:00,116.86198161310818,S2
2018-03-25 18:40:52+00:00,124.47031603543627,L7
2018-03-25 18:40:52+00:00,121.16243518607337,S2
2018-03-27 18:26:37+00:00,120.7341303002421,S2
2018-04-09 18:43:22+00:00,,S2
2018-04-10 18:23:22+00:00,124.59052278744497,L7
2018-04-11 18:27:03+00:00,122.54831899611469,S2
2018-04-18 18:21:49+00:00,89.27924564843326,L8
2018-04-21 18:34:25+00:00,119.8521347444555,S2
2018-04-26 18:25:37+00:00,119.53375858183584,L7
2018-04-26 18:25:37+00:00,120.19231452469626,S2
2018-05-04 18:29:56+00:00,123.00052649968977,L8
2018-05-16 18:27:09+00:00,98.47002327448553,S2
2018-05-26 18:29:39+00:00,111.43192374090245,S2
2018-05-28 18:22:33+00:00,123.00055989309763,L7
2018-06-10 18:27:00+00:00,111.93423714729573,S2
2018-07-05 18:31:48+00:00,115.78705419225804,S2
2018-07-07 18:21:39+00:00,121.79016988866488,L8
2018-07-15 18:27:32+00:00,113.20392816169324,L7
2018-07-15 18:27:32+00:00,112.12276649131189,S2
2018-07-23 18:36:44+00:00,119.277628905502,L8
2018-08-04 18:34:54+00:00,114.65385804097569,S2
2018-08-08 18:21:55+00:00,124.9101922672885,L8
2018-08-09 18:32:29+00:00,116.38217705709295,S2
2018-08-16 18:21:05+00:00,119.73116301724556,L7
2018-08-22 18:41:11+00:00,136.79885853840088,S2
2018-08-24 18:32:58+00:00,115.3231493829939,S2
2018-09-01 18:33:16+00:00,129.18357645444047,L7
2018-09-01 18:33:16+00:00,113.1283266332141,S2
2018-09-13 18:30:20+00:00,96.00548772109583,S2
2018-09-16 18:40:01+00:00,112.96720137798789,S2
2018-09-18 18:26:31+00:00,114.01973061534144,S2
2018-09-21 18:35:09+00:00,127.40538592144492,S2
2018-09-23 18:26:42+00:00,113.52170154648866,S2
2018-10-08 18:31:50+00:00,90.97236720347364,S2
2018-10-16 18:42:06+00:00,112.34360516402536,S2
2018-10-18 18:24:10+00:00,110.50945984705677,S2
2018-10-19 18:19:38+00:00,121.56170402783282,L7
2018-10-21 18:41:58+00:00,117.05095882924635,S2
2018-10-23 18:25:58+00:00,100.78011808038312,S2
2018-11-02 18:29:01+00:00,115.42713232787608,S2
2018-11-12 18:35:12+00:00,104.20221980467817,L8
2018-11-12 18:35:12+00:00,100.54719638922587,S2
2018-11-15 18:45:08+00:00,115.62796898848984,S2
2018-11-17 18:35:14+00:00,122.44105316356121,S2
2018-11-25 18:45:06+00:00,100.39735476113125,S2
2018-11-27 18:35:13+00:00,94.50974380990077,S2
2018-12-07 18:35:11+00:00,,S2
2018-12-15 18:45:05+00:00,99.76448955776468,S2
2018-12-22 18:35:09+00:00,84.95994633263285,S2
2018-12-30 18:45:11+00:00,106.69932795640358,L8
2019-01-01 18:35:11+00:00,106.31538531297556,S2
2019-01-04 18:45:08+00:00,104.52292942942233,S2
2019-01-07 18:17:34+00:00,,L7
2019-01-21 18:35:13+00:00,,S2
2019-01-23 18:17:03+00:00,97.09964421967109,L7
2019-01-24 18:45:10+00:00,101.62694059021021,S2
2019-01-26 18:35:17+00:00,95.74757808788962,S2
2019-02-08 18:45:14+00:00,88.3858210859257,L7
2019-02-08 18:45:14+00:00,109.00327913299297,S2
2019-02-15 18:35:17+00:00,105.6303306761094,S2
2019-02-16 18:22:17+00:00,,L8
2019-02-18 18:45:13+00:00,94.753826200703,S2
2019-02-23 18:45:09+00:00,101.6469464892462,S2
2019-02-24 18:16:05+00:00,106.3583521056958,L7
2019-02-25 18:35:16+00:00,108.84978130405506,S2
2019-03-05 18:45:08+00:00,100.64939207156253,S2
2019-03-12 18:35:13+00:00,116.2034115561602,L7
2019-03-12 18:35:13+00:00,97.70827826721387,S2
2019-03-17 18:35:15+00:00,112.36648083465442,S2
2019-03-22 18:35:15+00:00,88.61613115611408,S2
2019-03-25 18:45:12+00:00,104.21538587099198,S2
2019-03-30 18:45:15+00:00,120.76919753276094,S2
2019-04-01 18:35:17+00:00,107.4959326489707,S2
2019-04-09 18:45:18+00:00,109.54745417193476,S2
2019-04-13 18:14:28+00:00,112.85700908378976,L7
2019-04-14 18:45:16+00:00,119.58077671628499,S2
2019-04-24 18:45:17+00:00,114.46424566215617,S2
2019-05-01 18:35:21+00:00,114.17283716536465,S2
2019-05-04 18:45:17+00:00,118.18637980550105,S2
2019-05-06 18:35:25+00:00,98.79053394390246,S2
2019-06-08 18:45:21+00:00,105.63943060890784,L8
2019-06-30 18:35:22+00:00,118.66009385262005,S2
2019-07-02 18:11:30+00:00,106.182351684172,L7
2019-07-05 18:35:26+00:00,107.46820909090539,S2
2019-07-10 18:35:22+00:00,123.97479409769971,L8
2019-07-10 18:35:22+00:00,115.32325975801717,S2
2019-07-18 18:45:22+00:00,116.49482819219087,L7
2019-07-20 18:35:22+00:00,117.54816788103318,S2
2019-07-26 18:22:33+00:00,127.27475889847062,L8
2019-07-30 18:35:22+00:00,97.2416365179163,S2
2019-08-09 18:35:21+00:00,116.28094991853558,S2
2019-08-17 18:45:19+00:00,114.67997627562208,S2
2019-08-19 18:35:20+00:00,120.60882962558767,L7
2019-08-19 18:35:20+00:00,114.23726270912644,S2
2019-08-22 18:45:16+00:00,115.57257711413597,S2
2019-08-27 18:45:18+00:00,133.32588048518016,L8
2019-08-27 18:45:18+00:00,125.80729231452517,S2
2019-09-06 18:45:16+00:00,129.3178229905285,S2
2019-09-08 18:35:16+00:00,113.75856936384099,S2
2019-09-11 18:45:12+00:00,115.04918955011746,S2
2019-09-16 18:45:13+00:00,113.84068478723671,S2
2019-09-18 18:35:17+00:00,100.76253779277809,S2
2019-09-20 18:08:10+00:00,105.05063291753339,L7
2019-09-21 18:45:14+00:00,115.84478691712613,S2
2019-09-23 18:35:17+00:00,113.18946289779853,S2
2019-10-01 18:45:15+00:00,96.29874896314101,S2
2019-10-03 18:35:18+00:00,99.91304633826817,S2
2019-10-06 18:45:14+00:00,119.2516699121471,L7
2019-10-06 18:45:14+00:00,116.83316042186564,S2
2019-10-11 18:45:16+00:00,114.15107187210268,S2
2019-10-13 18:35:18+00:00,114.47297875319065,S2
2019-10-14 18:22:56+00:00,106.97572087545082,L8
2019-10-16 18:45:15+00:00,115.52487992786612,S2
2019-10-18 18:35:20+00:00,94.17684992584132,S2
2019-10-21 18:45:17+00:00,112.9259003000594,S2
2019-10-22 18:06:50+00:00,,L7
2019-10-23 18:35:18+00:00,112.57741814249854,S2
2019-10-30 18:22:56+00:00,100.23860845772964,L8
2019-10-31 18:45:17+00:00,92.26862260706109,S2
2019-11-10 18:45:16+00:00,116.47062131104178,S2
2019-11-12 18:35:16+00:00,95.93683713620833,S2
2019-11-15 18:45:12+00:00,97.30254819348266,L8
2019-11-15 18:45:12+00:00,111.19083746142464,S2
2019-11-17 18:35:18+00:00,89.96951303877839,S2
2019-11-22 18:35:14+00:00,107.72513648393831,S2
2019-11-23 18:05:22+00:00,103.56541457026518,L7
2019-12-02 18:35:11+00:00,91.7663197568959,S2
2019-12-05 18:45:07+00:00,115.77363448344111,S2
2019-12-09 18:04:35+00:00,104.05365755719333,L7
2019-12-12 18:35:11+00:00,95.30751334652781,S2
2019-12-15 18:45:08+00:00,88.96732543531895,S2
2019-12-20 18:45:07+00:00,117.80535264689325,S2
2019-12-27 18:35:11+00:00,,S2
2020-01-01 18:35:12+00:00,94.24980936672608,S2
2020-01-02 18:22:45+00:00,95.65626905871737,L8
2020-01-04 18:45:08+00:00,115.56327606961065,S2
2020-01-06 18:35:11+00:00,113.80211565949975,S2
2020-01-10 18:02:56+00:00,96.00287214504026,L7
2020-01-11 18:35:11+00:00,93.20815537366153,S2
2020-01-14 18:45:08+00:00,100.62657034349681,S2
2020-01-18 18:22:42+00:00,118.9006414732804,L8
2020-01-29 18:45:06+00:00,100.04732531075143,S2
2020-02-08 18:45:06+00:00,111.71432484933374,S2
2020-02-11 18:01:21+00:00,,L7
2020-02-13 18:45:08+00:00,99.99087109115693,S2
2020-02-15 18:35:10+00:00,107.18288100608942,S2
2020-02-25 18:35:12+00:00,95.76794899977637,S2
2020-03-04 18:45:11+00:00,124.13358313941652,S2
2020-03-06 18:35:13+00:00,120.6756421486252,S2
2020-03-09 18:45:09+00:00,104.88100528004179,S2
2020-03-11 18:35:15+00:00,86.39817182903597,S2
2020-03-21 18:35:15+00:00,116.03983189864125,S2
2020-03-22 18:22:20+00:00,106.81665326400609,L8
2020-03-24 18:45:11+00:00,110.25811443280217,S2
2020-03-29 18:45:09+00:00,119.6343422513175,S2
2020-03-30 17:58:44+00:00,128.48075140569404,L7
2020-04-03 18:45:11+00:00,140.12730505533298,S2
2020-04-15 18:35:17+00:00,135.93638192026802,L7
2020-04-15 18:35:17+00:00,,S2
2020-04-23 18:45:08+00:00,103.09557109414557,L8
2020-04-23 18:45:08+00:00,114.79127047586539,S2
2020-04-25 18:35:19+00:00,99.70532876142514,S2
2020-05-05 18:35:21+00:00,99.78986440385746,S2
2020-05-15 18:35:22+00:00,116.43984683266461,S2
2020-05-20 18:35:17+00:00,122.05002489986884,S2
2020-06-09 18:35:19+00:00,113.44356828311135,S2
2020-06-10 18:22:09+00:00,111.07825338733707,L8
2020-06-14 18:35:23+00:00,119.27410709146214,S2
2020-07-04 18:35:22+00:00,105.18883267566048,L7
2020-07-04 18:35:22+00:00,107.48346842477736,S2
2020-07-09 18:35:19+00:00,109.27190113534141,S2
2020-07-12 18:45:15+00:00,124.38355575754582,S2
2020-07-14 18:35:21+00:00,119.93947422162225,S2
2020-07-24 18:35:22+00:00,113.25722721247223,S2
2020-08-05 17:51:05+00:00,118.48615755359812,L7
2020-08-08 18:35:20+00:00,111.5317200999941,S2
2020-08-13 18:35:23+00:00,125.64553226439696,L8
2020-08-13 18:35:23+00:00,117.74480991306115,S2
2020-08-16 18:45:19+00:00,132.33839721539067,S2
2020-08-21 18:45:17+00:00,106.13862605463119,L7
2020-08-28 18:35:20+00:00,109.95028440416144,S2
2020-08-29 18:22:41+00:00,125.6183623275317,L8
2020-09-05 18:45:18+00:00,116.14748224548164,S2
2020-09-06 17:49:01+00:00,124.77478372519195,L7
2020-09-14 18:22:47+00:00,,L8
2020-09-15 18:45:18+00:00,122.05284802497079,S2
2020-09-20 18:45:15+00:00,114.04908778439096,S2
2020-09-25 18:45:19+00:00,114.23884542884826,S2
2020-09-30 18:45:17+00:00,104.89232719728301,L8
2020-09-30 18:45:17+00:00,113.33129611664957,S2
2020-10-02 18:35:23+00:00,109.518639170799,S2
2020-10-07 18:35:21+00:00,99.61284264964736,S2
2020-10-12 18:35:23+00:00,115.81075870879766,S2
2020-10-15 18:45:19+00:00,117.78720103594497,S2
2020-10-16 18:22:53+00:00,102.29712647854734,L8
2020-10-20 18:45:17+00:00,104.1996903127397,S2
2020-11-11 18:35:21+00:00,116.49803910657633,S2
2020-11-14 18:45:17+00:00,109.93828388574254,S2
2020-11-17 18:22:51+00:00,101.07999670873625,L8
2020-11-19 18:45:14+00:00,112.00981964390112,S2
2020-11-24 18:45:15+00:00,120.04686206644814,S2
2020-11-25 17:43:41+00:00,105.07449131943957,L7
2020-11-26 18:35:17+00:00,96.07622065237501,S2
2020-11-29 18:45:13+00:00,113.99392540803471,S2
2020-12-01 18:35:16+00:00,90.56359507050219,S2
2020-12-03 18:22:54+00:00,103.19184498971728,L8
2020-12-04 18:45:12+00:00,100.77012196430144,S2
2020-12-06 18:35:15+00:00,97.68152514177541,S2
2020-12-09 18:45:11+00:00,110.0537864148528,S2
2020-12-11 18:35:14+00:00,115.53843437416184,S2
2020-12-16 18:35:13+00:00,94.74334972836094,S2
2020-12-19 18:45:10+00:00,97.95823189860714,L8
2020-12-19 18:45:10+00:00,99.23230271711762,S2
2020-12-21 18:35:16+00:00,100.1741245782033,S2
2020-12-26 18:35:14+00:00,105.55661679445933,S2
2020-12-29 18:45:11+00:00,100.78238872069969,S2
2021-01-03 18:45:14+00:00,88.67472253535348,S2
2021-01-04 18:22:48+00:00,86.9630683110529,L8
2021-01-08 18:45:13+00:00,119.2363792591855,S2
2021-01-10 18:35:18+00:00,102.23549885696687,S2
2021-01-12 17:40:13+00:00,,L7
2021-01-13 18:45:14+00:00,93.98997303073514,S2
2021-01-15 18:35:17+00:00,,S2
2021-01-28 18:45:13+00:00,97.60756682320671,S2
2021-01-30 18:35:17+00:00,,S2
2021-02-05 18:22:40+00:00,113.02340332297578,L8
2021-02-17 18:45:11+00:00,104.61244735030644,S2
2021-02-19 18:35:16+00:00,113.5854879925011,S2
2021-02-21 18:22:35+00:00,110.05939008191129,L8
2021-02-22 18:45:13+00:00,117.7009581750867,S2
2021-02-24 18:35:15+00:00,101.35515393060138,S2
2021-02-27 18:45:12+00:00,106.30922682586746,S2
2021-03-01 18:35:17+00:00,,L7
2021-03-01 18:35:17+00:00,,S2
2021-03-04 18:45:13+00:00,108.15198683421008,S2
2021-03-06 18:35:16+00:00,104.1553671528731,S2
2021-03-11 18:35:17+00:00,88.61292137581215,S2
2021-03-16 18:35:16+00:00,,S2
2021-03-17 17:35:24+00:00,92.32504566786805,L7
2021-03-19 18:45:13+00:00,117.2593114851053,S2
2021-03-21 18:35:16+00:00,101.58714737950777,S2
2021-03-24 18:45:12+00:00,117.4048360114129,S2
2021-03-29 18:45:12+00:00,102.87766542055131,S2
2021-03-31 18:35:14+00:00,101.33725150936652,S2
2021-04-02 17:34:06+00:00,120.74509896447974,L7
2021-04-05 18:35:14+00:00,121.93977343970136,S2
2021-04-08 18:45:11+00:00,110.27674308673694,S2
2021-04-10 18:35:12+00:00,98.77101458109576,L8
2021-04-10 18:35:12+00:00,97.20870669502038,S2
2021-04-20 18:35:12+00:00,118.43687302512822,S2
2021-04-28 18:45:09+00:00,92.12137259270844,S2
2021-04-30 18:35:15+00:00,113.52457327836403,S2
2021-05-25 18:35:17+00:00,101.53864116444188,S2
2021-05-28 18:45:14+00:00,92.88371557939041,L8
2021-06-05 17:28:42+00:00,115.73162662866275,L7
2021-06-13 18:22:22+00:00,100.81439162644257,L8
2021-07-14 18:35:19+00:00,113.23825403691691,S2
2021-07-19 18:35:20+00:00,121.62892454355853,S2
2021-08-08 18:35:20+00:00,119.12339439562092,S2
2021-08-13 18:35:17+00:00,118.8975189789212,S2
2021-08-23 18:35:16+00:00,111.41313112551342,S2
2021-08-24 17:21:53+00:00,116.95224613666831,L7
2021-08-26 18:45:11+00:00,114.05012608358939,S2
2021-09-02 18:35:13+00:00,122.31187947606101,S2
2021-09-05 18:45:10+00:00,114.91046241926796,S2
2021-09-07 18:35:17+00:00,112.59370893075383,S2
2021-09-12 18:35:13+00:00,113.21433496543764,S2
2021-09-15 18:45:09+00:00,108.54979415412711,S2
2021-09-17 18:35:19+00:00,123.63229331050421,L8
2021-09-17 18:35:19+00:00,117.7143260469653,S2
2021-09-20 18:45:16+00:00,113.81078633569115,S2
2021-09-22 18:35:15+00:00,115.06631979811354,S2
2021-09-30 18:45:18+00:00,112.46087341050679,S2
2021-10-10 18:45:19+00:00,102.04736087566192,S2
2021-10-12 18:35:18+00:00,96.48602261176151,S2
2021-10-15 18:45:15+00:00,115.71218393144935,S2
2021-10-17 18:35:22+00:00,108.88632018310588,S2
2021-10-19 18:22:59+00:00,93.19779000995385,L8
2021-10-20 18:45:19+00:00,100.83111012728065,S2
2021-10-27 18:35:22+00:00,,L7
2021-10-30 18:45:18+00:00,111.73630589662052,S2
2021-11-09 18:45:16+00:00,95.5760219351643,S2
2021-11-11 18:35:16+00:00,108.73423101482071,S2
2021-11-12 17:14:41+00:00,105.67486721212005,L7
2021-11-14 18:45:12+00:00,115.17216634380199,S2
2021-11-21 18:35:14+00:00,96.0376392238151,S2
2021-11-26 18:35:17+00:00,114.15137636702545,S2
2021-11-28 17:13:08+00:00,108.18720994930982,L7
2021-11-29 18:45:13+00:00,118.58711396578627,S2
2021-12-11 18:35:11+00:00,114.11817370075565,S2
2021-12-16 18:35:17+00:00,97.13443587313012,S2
2021-12-19 18:45:14+00:00,103.0451291539438,S2
2021-12-30 18:22:50+00:00,95.13721630179676,L7
2022-01-05 18:35:18+00:00,90.2954875864417,S2
2022-01-07 18:22:47+00:00,106.38774119757518,L8
2022-01-20 18:35:12+00:00,99.17354946415425,S2
2022-01-23 18:45:08+00:00,109.55237937874708,L8
2022-01-23 18:45:08+00:00,101.06015763108638,S2
2022-01-30 18:35:11+00:00,99.10822676452904,S2
2022-02-02 18:45:08+00:00,,S2
2022-02-04 18:35:17+00:00,96.14407346758898,S2
2022-02-07 18:45:13+00:00,116.10658120719552,S2
2022-02-08 18:22:40+00:00,109.61198869025534,L8
2022-02-09 18:35:11+00:00,120.8448684573846,S2
2022-02-12 18:45:08+00:00,117.38493894851581,S2
2022-02-14 18:35:17+00:00,109.83391825819908,S2
2022-02-16 18:22:44+00:00,,L7
2022-02-16 18:22:44+00:00,,L9
2022-02-17 18:45:15+00:00,105.26377497136993,S2
2022-02-19 18:35:11+00:00,97.99238105701534,S2
2022-02-24 18:35:20+00:00,128.27212850216745,L8
2022-02-24 18:35:20+00:00,135.13246954498328,S2
2022-03-01 18:35:14+00:00,96.66288342819772,S2
2022-03-04 18:45:11+00:00,,L7
2022-03-09 18:45:17+00:00,117.82479633738235,S2
2022-03-11 18:35:15+00:00,121.01363266736688,S2
2022-03-12 18:22:30+00:00,126.92913965605828,L8
2022-03-14 18:45:12+00:00,115.68826511521507,S2
2022-03-16 18:35:21+00:00,97.3691653517638,S2
2022-03-29 18:45:16+00:00,103.2800354979453,S2
2022-04-08 18:45:14+00:00,116.74861324998594,S2
2022-04-13 18:45:10+00:00,100.22264323187122,L8
2022-04-13 18:45:10+00:00,111.65828487916117,S2
2022-04-15 18:35:20+00:00,111.13559520077455,S2
2022-04-18 18:45:17+00:00,94.57233314040663,S2
2022-04-20 18:35:12+00:00,111.5626451078105,S2
2022-04-21 18:22:18+00:00,116.79991498870332,L9
2022-04-25 18:35:25+00:00,120.52763209349018,S2
2022-04-29 18:22:19+00:00,88.93680295040602,L8
2022-04-30 18:35:11+00:00,107.51307750318108,S2
2022-05-05 18:35:22+00:00,110.2016354550882,S2
2022-05-07 18:22:14+00:00,103.89067949562042,L9
2022-05-10 18:35:14+00:00,118.62736718882493,S2
2022-05-13 18:45:12+00:00,100.52985466055011,L7
2022-05-30 18:35:17+00:00,95.1326426067632,L7
2022-05-30 18:35:17+00:00,106.82180263308487,S2
2022-05-31 18:22:32+00:00,88.74638771599453,L8
2022-06-14 18:35:27+00:00,110.70927415197804,S2
2022-06-29 18:35:22+00:00,112.77870472171699,S2
2022-07-03 16:53:28+00:00,131.92148488151426,L7
2022-07-04 18:35:30+00:00,114.77226864624815,S2
2022-07-18 18:22:48+00:00,123.76382125874535,L8
2022-07-20 16:52:14+00:00,,L7
2022-07-24 18:35:27+00:00,112.22884664507475,S2
2022-08-03 18:35:28+00:00,131.64382999457374,L8
2022-08-03 18:35:28+00:00,111.31335290412476,S2
2022-08-11 18:45:17+00:00,101.26217122515402,L9
2022-08-16 18:45:26+00:00,108.85248029073009,S2
2022-08-18 18:35:19+00:00,115.09734554092971,S2
2022-08-19 18:23:05+00:00,124.61530844599241,L8
2022-08-31 18:45:14+00:00,108.48727292353816,S2
2022-09-02 18:35:29+00:00,112.0920109856319,S2
2022-09-05 18:45:25+00:00,113.56331119252894,S2
2022-09-07 18:35:19+00:00,113.09822012823466,S2
2022-09-15 18:45:23+00:00,113.53205208828751,S2
2022-09-20 18:45:15+00:00,107.04099122870474,L8
2022-09-20 18:45:15+00:00,113.16251112178882,S2
2022-09-22 18:35:24+00:00,114.64844004952744,S2
2022-09-25 18:45:21+00:00,114.27676800077674,S2
2022-09-26 16:45:54+00:00,104.196336974476,L7
2022-09-27 18:35:17+00:00,101.90179703396119,S2
2022-10-17 18:35:16+00:00,117.94671816375339,S2
2022-10-20 18:45:13+00:00,119.09694205426985,S2
2022-10-25 18:45:16+00:00,110.33160275486017,S2
2022-10-27 18:35:16+00:00,106.61882602406658,S2
2022-10-30 18:45:12+00:00,101.57983386538359,L9
2022-10-30 18:45:12+00:00,111.90653940016637,S2
