dates,PF536,satname
1984-03-23 17:50:13+00:00,92.92988985645565,L5
1984-05-06 17:49:52+00:00,82.9240736270406,L5
1984-12-16 17:52:39+00:00,55.70239447387698,L5
1985-04-23 17:52:47+00:00,97.68901963726348,L5
1985-08-13 17:52:13+00:00,90.19115374320333,L5
1985-09-14 17:51:50+00:00,105.32385298551792,L5
1985-11-01 17:51:17+00:00,99.47588688170863,L5
1986-02-05 17:49:27+00:00,,L5
1986-02-21 17:49:05+00:00,,L5
1986-03-25 17:48:25+00:00,,L5
1986-05-12 17:47:17+00:00,74.04928935143178,L5
1986-06-13 17:46:21+00:00,96.48536339931549,L5
1986-07-15 17:45:17+00:00,85.66171397837056,L5
1986-09-01 17:43:32+00:00,81.81779858295755,L5
1986-10-03 17:42:31+00:00,92.90039484836747,L5
1986-11-04 17:41:25+00:00,73.67371316390523,L5
1986-12-22 17:41:34+00:00,52.450809661387524,L5
1987-01-23 17:42:29+00:00,,L5
1987-02-08 17:43:05+00:00,81.46348230136822,L5
1987-03-28 17:44:54+00:00,63.28590619395576,L5
1987-04-13 17:45:26+00:00,65.43375185771102,L5
1987-05-31 17:46:46+00:00,103.63134015030276,L5
1987-06-16 17:47:08+00:00,116.98999218844945,L5
1987-07-02 17:47:28+00:00,,L5
1987-07-18 17:47:46+00:00,87.71584359690848,L5
1987-08-19 17:48:43+00:00,71.74882870615524,L5
1987-09-04 17:49:08+00:00,76.94189627390901,L5
1988-03-30 17:52:35+00:00,,L5
1988-05-01 17:52:46+00:00,55.943677608413054,L5
1988-07-04 17:53:12+00:00,94.2946324128569,L5
1988-07-20 17:53:15+00:00,99.19726311656596,L5
1988-09-22 17:53:14+00:00,81.51269677618957,L5
1989-03-17 17:51:38+00:00,89.55537565654043,L5
1989-04-02 17:51:36+00:00,81.41973507375661,L5
1989-06-05 17:50:45+00:00,96.51967260459952,L5
1989-06-21 17:50:19+00:00,85.3054309515001,L5
1989-08-24 17:49:03+00:00,87.32855509177293,L5
1989-09-09 17:48:38+00:00,94.48270382612418,L5
1989-10-27 17:47:16+00:00,96.08402106213073,L5
1989-11-28 17:46:28+00:00,95.88744933839017,L5
1990-05-07 17:42:44+00:00,75.39946589380457,L5
1990-06-08 17:42:43+00:00,69.91817011881027,L5
1990-06-24 17:42:42+00:00,,L5
1990-08-27 17:42:26+00:00,90.04595903792972,L5
1990-09-12 17:42:24+00:00,78.34241426675275,L5
1990-10-14 17:42:08+00:00,75.7032816664802,L5
1991-04-08 17:44:20+00:00,,L5
1991-09-15 17:46:27+00:00,81.65558074413303,L5
1992-01-21 17:46:48+00:00,,L5
1992-04-26 17:46:24+00:00,88.92931138089551,L5
1992-05-12 17:46:15+00:00,78.91972905275716,L5
1992-06-13 17:45:55+00:00,80.42847780082408,L5
1992-08-16 17:45:05+00:00,105.01204978261354,L5
1992-10-03 17:44:13+00:00,86.08404925636628,L5
1992-10-19 17:44:00+00:00,86.28836785385064,L5
1992-11-04 17:43:46+00:00,83.04267266785538,L5
1992-12-06 17:43:46+00:00,91.0612989721302,L5
1992-12-22 17:43:56+00:00,58.58482166950627,L5
1993-01-23 17:44:16+00:00,,L5
1993-03-28 17:44:44+00:00,,L5
1993-04-13 17:44:52+00:00,102.96864212860997,L5
1993-05-15 17:45:01+00:00,78.76180570443212,L5
1993-05-31 17:45:05+00:00,76.50735318041868,L5
1993-06-16 17:45:03+00:00,72.15013005233973,L5
1993-10-22 17:44:41+00:00,92.58762617010737,L5
1993-11-07 17:44:35+00:00,99.32339769157535,L5
1993-12-09 17:44:24+00:00,82.2222136405192,L5
1994-01-10 17:44:00+00:00,,L5
1994-01-26 17:43:47+00:00,,L5
1994-02-11 17:43:38+00:00,,L5
1994-02-27 17:43:23+00:00,58.55598258331617,L5
1994-03-15 17:43:09+00:00,90.20700096522516,L5
1994-05-18 17:42:00+00:00,98.3109490818363,L5
1994-06-19 17:41:22+00:00,74.62058429613843,L5
1994-07-05 17:40:57+00:00,80.77261204994883,L5
1994-07-21 17:40:31+00:00,83.1278125273034,L5
1994-08-06 17:40:04+00:00,90.03937441737355,L5
1994-08-22 17:39:41+00:00,99.80769329250865,L5
1994-09-07 17:39:17+00:00,95.86911163249324,L5
1994-09-23 17:38:51+00:00,105.79244242055012,L5
1994-10-09 17:38:23+00:00,98.05705454956444,L5
1994-12-12 17:36:16+00:00,65.11024824409655,L5
1995-01-13 17:35:10+00:00,,L5
1995-06-06 17:29:06+00:00,82.2673979600769,L5
1995-09-10 17:24:43+00:00,93.87965388047888,L5
1996-02-01 17:27:03+00:00,,L5
1996-04-05 17:31:16+00:00,82.39117911061118,L5
1996-04-21 17:32:15+00:00,91.46409095487313,L5
1996-05-07 17:33:11+00:00,100.10610056885236,L5
1996-05-23 17:34:06+00:00,88.98680577275222,L5
1996-06-08 17:35:00+00:00,102.40799170962741,L5
1996-09-12 17:40:08+00:00,103.33776627941968,L5
1996-10-14 17:41:49+00:00,,L5
1996-12-01 17:44:08+00:00,83.97292366837377,L5
1996-12-17 17:44:52+00:00,,L5
1997-01-18 17:46:23+00:00,83.79406964358543,L5
1997-02-03 17:47:06+00:00,64.6183560325371,L5
1997-02-19 17:47:47+00:00,54.63383961537744,L5
1997-03-07 17:48:26+00:00,,L5
1997-04-24 17:50:12+00:00,63.94237833028247,L5
1997-06-27 17:52:25+00:00,102.10378948659921,L5
1997-08-14 17:54:01+00:00,93.62674423047471,L5
1997-08-30 17:54:30+00:00,93.72667371150814,L5
1997-10-17 17:55:51+00:00,69.32156709807427,L5
1997-11-02 17:56:17+00:00,58.490871407728044,L5
1997-11-18 17:56:39+00:00,65.94560593592708,L5
1997-12-04 17:57:03+00:00,65.52341384751142,L5
1998-01-21 17:58:09+00:00,66.5676555225158,L5
1998-03-10 17:59:04+00:00,51.89413114092101,L5
1998-04-27 17:59:41+00:00,56.70858945026834,L5
1998-06-14 18:00:25+00:00,94.14556600108187,L5
1998-06-30 18:00:37+00:00,98.4357640680275,L5
1998-08-01 18:00:53+00:00,,L5
1998-10-04 18:01:23+00:00,82.63220507005651,L5
1998-10-20 18:01:22+00:00,87.76797292148792,L5
1998-11-21 18:01:35+00:00,73.83442020300184,L5
1998-12-07 18:01:30+00:00,52.88408815737961,L5
1998-12-23 18:01:36+00:00,62.344388336397685,L5
1999-01-08 18:01:35+00:00,78.9921587437749,L5
1999-02-25 18:01:47+00:00,88.94929024854366,L5
1999-03-13 18:01:35+00:00,83.03635466842078,L5
1999-08-04 18:00:15+00:00,92.49250115920194,L5
1999-08-12 18:15:26+00:00,95.22416424429271,L7
1999-09-29 18:15:34+00:00,97.16890472855687,L7
1999-10-23 17:59:02+00:00,96.97171893516763,L5
1999-10-31 18:15:26+00:00,85.13575052423457,L7
1999-11-24 17:57:54+00:00,60.228170688854476,L5
1999-12-02 18:15:21+00:00,72.44757378762469,L7
1999-12-18 18:15:29+00:00,84.22628588025778,L7
1999-12-26 17:57:39+00:00,62.94490524097668,L5
2000-01-03 18:15:22+00:00,74.70049419985355,L7
2000-01-27 17:57:01+00:00,96.2078358957372,L5
2000-02-04 18:15:19+00:00,57.90605337088009,L7
2000-03-23 18:15:09+00:00,64.79606103270184,L7
2000-03-31 17:56:57+00:00,,L5
2000-04-16 17:57:11+00:00,66.92410368706601,L5
2000-04-24 18:14:52+00:00,,L7
2000-05-02 17:58:01+00:00,69.8895502467723,L5
2000-05-18 17:58:20+00:00,71.99897050850754,L5
2000-05-26 18:14:30+00:00,96.2804245346723,L7
2000-06-11 18:14:24+00:00,71.06826964760803,L7
2000-06-19 17:59:00+00:00,85.67314669067548,L5
2000-07-05 17:59:21+00:00,91.11838288743239,L5
2000-07-13 18:14:01+00:00,65.52857932889785,L7
2000-08-22 18:00:17+00:00,87.90567607278331,L5
2000-10-17 18:12:42+00:00,100.03537275970919,L7
2000-10-25 18:01:17+00:00,87.48255299536203,L5
2000-11-02 18:12:54+00:00,99.29752729901676,L7
2000-11-18 18:12:52+00:00,102.51989154750525,L7
2000-11-26 18:01:45+00:00,81.09174136841845,L5
2000-12-04 18:12:52+00:00,95.77432269944893,L7
2000-12-28 18:02:15+00:00,70.97029719369252,L5
2001-01-13 18:02:23+00:00,65.5382722252954,L5
2001-03-18 18:02:42+00:00,102.48791901632907,L5
2001-04-27 18:12:37+00:00,106.14833340522988,L7
2001-05-05 18:02:45+00:00,81.24540251439748,L5
2001-05-29 18:12:19+00:00,125.83567057234724,L7
2001-06-14 18:12:08+00:00,116.95566986189033,L7
2001-07-16 18:11:53+00:00,96.32650047051536,L7
2001-07-24 18:02:52+00:00,119.14980795188187,L5
2001-10-04 18:10:48+00:00,111.45799021272832,L7
2001-10-12 18:02:30+00:00,105.1085581323677,L5
2001-10-20 18:10:51+00:00,101.654428339472,L7
2001-12-07 18:11:06+00:00,78.51727940683182,L7
2002-01-08 18:11:17+00:00,66.50616470844639,L7
2002-01-24 18:11:24+00:00,84.02922699483588,L7
2002-02-09 18:11:27+00:00,63.28967610350182,L7
2002-05-24 17:59:16+00:00,78.909936953697,L5
2002-06-01 18:11:09+00:00,99.88956905358708,L7
2002-06-17 18:11:03+00:00,,L7
2002-07-27 17:57:48+00:00,110.73656616001217,L5
2002-08-28 17:56:49+00:00,115.96979862688994,L5
2002-09-13 17:56:32+00:00,,L5
2002-10-07 18:10:15+00:00,114.58365883235923,L7
2002-10-23 18:10:20+00:00,105.17344909468868,L7
2002-11-16 17:54:24+00:00,113.83776827112538,L5
2002-12-02 17:54:05+00:00,96.56851837927515,L5
2002-12-18 17:54:12+00:00,,L5
2002-12-26 18:10:53+00:00,64.52598724043901,L7
2003-01-03 17:54:40+00:00,,L5
2003-01-11 18:10:55+00:00,88.53349708100518,L7
2003-01-19 17:55:01+00:00,,L5
2003-01-27 18:11:02+00:00,99.45468485757439,L7
2003-02-20 17:55:43+00:00,88.44086406840539,L5
2003-02-28 18:11:14+00:00,92.78290938946995,L7
2003-04-01 18:11:16+00:00,87.6572232449454,L7
2003-04-09 17:57:00+00:00,117.74413579041527,L5
2003-04-25 17:57:22+00:00,108.64254991708373,L5
2003-05-11 17:57:41+00:00,109.45246411249181,L5
2003-08-07 18:10:56+00:00,,L7
2003-08-23 18:10:56+00:00,94.29970912122256,L7
2003-11-03 18:00:33+00:00,102.61703725172106,L5
2003-11-19 18:00:55+00:00,104.68598234445054,L5
2003-12-05 18:01:04+00:00,,L5
2003-12-21 18:01:13+00:00,,L5
2004-01-14 18:11:28+00:00,88.45813564495307,L7
2004-01-22 18:01:22+00:00,69.01628998259835,L5
2004-01-30 18:11:37+00:00,,L7
2004-02-07 18:01:25+00:00,87.46526625552525,L5
2004-02-15 18:11:39+00:00,107.31336193587732,L7
2004-03-10 18:01:36+00:00,86.37984417120029,L5
2004-04-11 18:02:08+00:00,122.49099968587741,L5
2004-04-19 18:11:40+00:00,85.76183176598707,L7
2004-04-27 18:02:35+00:00,118.70472704105384,L5
2004-05-13 18:03:03+00:00,112.63600949203237,L5
2004-05-29 18:03:30+00:00,104.89498286556345,L5
2004-06-06 18:11:38+00:00,110.12479432601998,L7
2004-07-16 18:04:54+00:00,106.35787813074204,L5
2004-08-25 18:11:19+00:00,102.05199837988357,L7
2004-09-10 18:11:13+00:00,93.93805416165316,L7
2004-09-18 18:06:28+00:00,114.44815079118162,L5
2004-10-12 18:11:06+00:00,116.33114058140143,L7
2004-11-21 18:07:43+00:00,105.40685511358006,L5
2004-11-29 18:11:39+00:00,104.58579937478817,L7
2004-12-15 18:11:45+00:00,71.01337372913098,L7
2004-12-23 18:08:23+00:00,104.89782017212555,L5
2005-01-16 18:11:57+00:00,115.60968513697372,L7
2005-01-24 18:08:47+00:00,,L5
2005-02-01 18:12:01+00:00,95.07255134480597,L7
2005-02-09 18:09:00+00:00,68.50677748488867,L5
2005-03-05 18:12:14+00:00,113.37710213774386,L7
2005-03-21 18:12:14+00:00,88.40130673264345,L7
2005-03-29 18:09:37+00:00,98.89664648930709,L5
2005-04-30 18:09:45+00:00,,L5
2005-05-08 18:12:09+00:00,87.0494602401102,L7
2005-06-17 18:10:06+00:00,,L5
2005-06-25 18:11:57+00:00,107.65267997336524,L7
2005-08-28 18:11:46+00:00,109.3970640126814,L7
2005-09-13 18:11:36+00:00,99.09740892480664,L7
2005-09-21 18:10:39+00:00,111.70443063433086,L5
2005-09-29 18:11:37+00:00,110.99609639462571,L7
2005-10-07 18:10:36+00:00,111.02652546579502,L5
2005-10-31 18:11:53+00:00,119.8006074035127,L7
2005-11-16 18:12:03+00:00,101.48528421683774,L7
2005-11-24 18:11:11+00:00,112.94188311006498,L5
2006-01-03 18:12:19+00:00,44.447003714338166,L7
2006-01-19 18:12:28+00:00,68.75391914466314,L7
2006-01-27 18:12:38+00:00,78.22997566664984,L5
2006-02-12 18:13:01+00:00,78.44598435057355,L5
2006-02-20 18:12:37+00:00,117.14226662976131,L7
2006-03-08 18:12:39+00:00,111.55293874216564,L7
2006-03-24 18:12:38+00:00,112.64511527795057,L7
2006-04-09 18:12:35+00:00,91.72359032854561,L7
2006-04-17 18:14:16+00:00,111.4420905297333,L5
2006-06-12 18:12:33+00:00,92.04084459938007,L7
2006-06-20 18:15:13+00:00,91.90878293052873,L5
2006-06-28 18:12:28+00:00,108.1185783102011,L7
2006-07-06 18:15:28+00:00,,L5
2006-07-14 18:12:20+00:00,118.46853141144169,L7
2006-07-22 18:15:41+00:00,95.34959147785676,L5
2006-08-07 18:15:53+00:00,96.36879038962412,L5
2006-08-15 18:12:13+00:00,96.69415612666424,L7
2006-09-08 18:16:15+00:00,110.67068101713606,L5
2006-09-16 18:12:04+00:00,104.88488469932821,L7
2006-09-24 18:16:27+00:00,122.18572591100903,L5
2006-10-10 18:16:38+00:00,106.01617307723501,L5
2006-10-18 18:12:05+00:00,112.19617748418894,L7
2006-10-26 18:16:49+00:00,111.9301640413114,L5
2006-11-11 18:16:58+00:00,99.67364124088986,L5
2006-11-19 18:12:32+00:00,119.7230849945043,L7
2006-12-05 18:12:40+00:00,104.35216540550921,L7
2006-12-13 18:17:12+00:00,87.01929448787479,L5
2006-12-21 18:12:44+00:00,69.74958007655823,L7
2006-12-29 18:17:19+00:00,,L5
2007-01-06 18:12:46+00:00,51.083777132291466,L7
2007-01-14 18:17:25+00:00,,L5
2007-01-22 18:12:48+00:00,67.38850809973249,L7
2007-02-15 18:17:32+00:00,96.41692728140265,L5
2007-03-11 18:13:04+00:00,110.88207963921226,L7
2007-05-06 18:17:09+00:00,98.13948496432093,L5
2007-05-14 18:12:55+00:00,73.71700901447218,L7
2007-06-23 18:16:26+00:00,102.87707985080509,L5
2007-07-01 18:12:47+00:00,,L7
2007-08-18 18:12:33+00:00,113.13707841171704,L7
2007-09-03 18:12:26+00:00,94.11718737139805,L7
2007-09-11 18:15:39+00:00,114.65393038706611,L5
2007-10-05 18:12:12+00:00,100.45285048610842,L7
2007-10-21 18:12:25+00:00,87.63948094339543,L7
2007-12-08 18:12:49+00:00,,L7
2007-12-24 18:12:53+00:00,74.34242203054932,L7
2008-01-09 18:12:54+00:00,68.38776202887128,L7
2008-01-17 18:13:38+00:00,117.79577194588182,L5
2008-01-25 18:12:53+00:00,78.06650216593054,L7
2008-02-10 18:12:50+00:00,76.00382368373629,L7
2008-02-26 18:12:46+00:00,101.91306593718316,L7
2008-03-13 18:12:41+00:00,107.43795613842825,L7
2008-03-21 18:12:26+00:00,83.45728018302619,L5
2008-04-14 18:12:40+00:00,109.73271127010837,L7
2008-04-22 18:11:40+00:00,97.28363503237405,L5
2008-05-16 18:12:32+00:00,94.19914656452545,L7
2008-06-01 18:12:24+00:00,78.31264303897153,L7
2008-06-25 18:09:56+00:00,112.22706836548848,L5
2008-08-04 18:11:46+00:00,114.97204012505252,L7
2008-08-20 18:11:40+00:00,121.09785624748628,L7
2008-09-21 18:11:23+00:00,112.56088146024393,L7
2008-10-15 18:06:38+00:00,113.82829944527928,L5
2008-10-23 18:11:22+00:00,109.84578346596365,L7
2008-10-31 18:06:04+00:00,115.44273093358217,L5
2008-11-08 18:11:37+00:00,116.19056550248492,L7
2008-11-16 18:05:52+00:00,100.22488008861214,L5
2008-12-10 18:12:00+00:00,117.37838740958368,L7
2008-12-26 18:12:08+00:00,82.38045656148707,L7
2009-01-11 18:12:13+00:00,93.54376595946063,L7
2009-01-27 18:12:18+00:00,93.86709463819595,L7
2009-02-04 18:08:10+00:00,139.71466075619315,L5
2009-02-20 18:08:33+00:00,106.71518822167275,L5
2009-02-28 18:12:35+00:00,100.9917718639167,L7
2009-03-16 18:12:43+00:00,110.57789181272821,L7
2009-03-24 18:09:17+00:00,86.19738139828127,L5
2009-04-01 18:12:49+00:00,,L7
2009-04-09 18:09:38+00:00,89.9493835066735,L5
2009-04-17 18:12:54+00:00,109.1572078161168,L7
2009-04-25 18:09:56+00:00,,L5
2009-05-11 18:10:14+00:00,90.32268290359778,L5
2009-07-14 18:11:23+00:00,,L5
2009-07-22 18:12:50+00:00,101.48440436247805,L7
2009-08-07 18:12:44+00:00,111.0983350927114,L7
2009-08-15 18:11:52+00:00,94.73275217436395,L5
2009-08-23 18:12:43+00:00,,L7
2009-09-08 18:12:43+00:00,101.2081013842214,L7
2009-09-16 18:12:20+00:00,99.9402112227461,L5
2009-09-24 18:12:41+00:00,98.77693938583958,L7
2009-10-02 18:12:31+00:00,,L5
2009-10-10 18:12:36+00:00,93.77600058195546,L7
2009-10-26 18:12:53+00:00,87.42771780208273,L7
2009-11-03 18:12:49+00:00,96.11118077735568,L5
2009-11-19 18:12:55+00:00,80.14086778007027,L5
2009-11-27 18:13:18+00:00,96.96294552306803,L7
2009-12-29 18:13:48+00:00,87.80745978899705,L7
2010-01-14 18:14:03+00:00,76.63706687595396,L7
2010-01-30 18:14:16+00:00,48.042543644358105,L7
2010-02-15 18:14:28+00:00,51.94411148718258,L7
2010-03-03 18:14:36+00:00,76.63129227269799,L7
2010-03-11 18:13:30+00:00,87.42095599114052,L5
2010-03-19 18:14:42+00:00,81.10139726968413,L7
2010-03-27 18:13:28+00:00,77.93963557689865,L5
2010-04-12 18:13:26+00:00,58.548174168994365,L5
2010-05-06 18:14:42+00:00,89.06798973923354,L7
2010-05-14 18:13:20+00:00,73.32561864231249,L5
2010-05-30 18:13:15+00:00,91.80772368315723,L5
2010-08-10 18:14:45+00:00,110.23092013735055,L7
2010-08-18 18:12:52+00:00,98.43605786191968,L5
2010-08-26 18:14:48+00:00,105.90558718960104,L7
2010-09-27 18:14:49+00:00,104.43316539412811,L7
2010-10-29 18:15:03+00:00,95.90351966925874,L7
2010-11-06 18:12:21+00:00,89.62907138112348,L5
2010-11-22 18:12:21+00:00,91.6488864910112,L5
2010-11-30 18:15:27+00:00,106.08367111152194,L7
2010-12-08 18:12:21+00:00,96.71160838463376,L5
2010-12-24 18:12:26+00:00,87.27690436280221,L5
2011-01-01 18:15:43+00:00,101.4046991581711,L7
2011-01-09 18:12:28+00:00,88.21557149531313,L5
2011-01-17 18:15:51+00:00,94.15814944540124,L7
2011-02-02 18:15:57+00:00,83.42106523368197,L7
2011-02-10 18:12:31+00:00,119.61503121207285,L5
2011-02-18 18:16:00+00:00,60.136922761312896,L7
2011-03-22 18:16:06+00:00,82.2330540187609,L7
2011-04-15 18:12:17+00:00,86.83640793771092,L5
2011-05-01 18:12:10+00:00,85.33506010052983,L5
2011-05-25 18:16:08+00:00,,L7
2011-06-02 18:12:00+00:00,88.03288511553812,L5
2011-06-18 18:11:51+00:00,100.90520642009838,L5
2011-07-04 18:11:45+00:00,106.98877739844181,L5
2011-07-12 18:16:04+00:00,73.66585115366865,L7
2011-08-05 18:11:28+00:00,98.16417151904737,L5
2011-08-29 18:15:55+00:00,,L7
2011-10-08 18:10:37+00:00,104.91025945322401,L5
2011-11-09 18:10:10+00:00,110.23257800708345,L5
2012-01-04 18:16:34+00:00,101.62100595795438,L7
2012-01-20 18:16:33+00:00,109.17899479313063,L7
2012-02-05 18:16:38+00:00,96.79888797496784,L7
2012-03-08 18:16:37+00:00,85.53565339772966,L7
2012-04-09 18:16:35+00:00,98.24770887915369,L7
2012-05-11 18:17:14+00:00,,L7
2012-05-27 18:17:04+00:00,102.56573438511906,L7
2012-07-30 18:17:28+00:00,,L7
2012-08-31 18:17:50+00:00,103.95878129459474,L7
2012-09-16 18:17:59+00:00,96.40144546376364,L7
2012-10-02 18:18:10+00:00,100.23857103509685,L7
2012-11-03 18:18:23+00:00,95.14366386259373,L7
2012-11-19 18:18:31+00:00,87.33984674886769,L7
2012-12-21 18:18:40+00:00,,L7
2013-01-06 18:18:42+00:00,108.97269866165686,L7
2013-01-22 18:18:44+00:00,101.85149332079286,L7
2013-02-07 18:18:46+00:00,85.92211048954873,L7
2013-02-23 18:18:42+00:00,86.59650060684135,L7
2013-03-11 18:18:41+00:00,85.27316693057554,L7
2013-04-12 18:18:33+00:00,85.43091533940706,L7
2013-04-20 18:24:20+00:00,107.35239000294808,L8
2013-05-30 18:18:18+00:00,102.74687111624975,L7
2013-06-15 18:18:12+00:00,118.58013027980306,L7
2013-07-17 18:17:55+00:00,,L7
2013-08-02 18:17:48+00:00,99.40432872228607,L7
2013-08-10 18:24:33+00:00,126.06316964368463,L8
2013-09-03 18:18:04+00:00,97.59516827861086,L7
2013-09-19 18:18:14+00:00,,L7
2013-09-27 18:24:25+00:00,112.47213703185409,L8
2013-10-05 18:18:26+00:00,99.91016031011192,L7
2013-10-13 18:24:25+00:00,105.99358924218143,L8
2013-10-21 18:18:36+00:00,117.56223001990051,L7
2013-10-29 18:24:16+00:00,111.36156334245581,L8
2013-11-06 18:18:41+00:00,108.95468043434289,L7
2013-11-14 18:24:15+00:00,115.49853727495388,L8
2013-12-16 18:24:03+00:00,102.22510586272205,L8
2013-12-24 18:18:56+00:00,113.33504714247846,L7
2014-01-01 18:23:56+00:00,96.90345357916995,L8
2014-01-09 18:18:59+00:00,102.45604676217904,L7
2014-01-17 18:23:41+00:00,101.47088305944735,L8
2014-01-25 18:19:20+00:00,107.1730700122717,L7
2014-02-18 18:23:22+00:00,99.45530240912845,L8
2014-03-14 18:19:24+00:00,92.10539961990872,L7
2014-03-30 18:19:31+00:00,77.36630985703161,L7
2014-04-07 18:22:41+00:00,123.37627497322256,L8
2014-04-23 18:22:25+00:00,101.8459111023248,L8
2014-05-01 18:19:46+00:00,100.0196263568143,L7
2014-05-09 18:22:09+00:00,109.60270832627458,L8
2014-05-17 18:19:53+00:00,106.03959068930205,L7
2014-05-25 18:22:04+00:00,97.91325524874085,L8
2014-06-02 18:19:56+00:00,111.77158099688691,L7
2014-06-18 18:19:57+00:00,120.25792570236085,L7
2014-07-04 18:20:04+00:00,,L7
2014-07-12 18:22:24+00:00,100.26339382983909,L8
2014-07-28 18:22:28+00:00,120.09386448729086,L8
2014-08-05 18:20:12+00:00,106.21289556393057,L7
2014-08-29 18:22:37+00:00,117.96202132428074,L8
2014-09-06 18:20:12+00:00,105.54688295125848,L7
2014-09-14 18:22:41+00:00,118.15433211142714,L8
2014-09-22 18:20:17+00:00,115.36503307919517,L7
2014-09-30 18:22:42+00:00,115.26252100975604,L8
2014-10-08 18:20:29+00:00,107.23740787367157,L7
2014-10-16 18:22:47+00:00,114.05306949942053,L8
2014-10-24 18:20:38+00:00,107.45232955467274,L7
2014-11-09 18:20:48+00:00,,L7
2014-11-17 18:22:44+00:00,114.83409992944542,L8
2014-11-25 18:20:51+00:00,102.07326341007665,L7
2014-12-19 18:22:40+00:00,103.22237191036032,L8
2014-12-27 18:21:04+00:00,92.8818445489372,L7
2015-01-04 18:22:35+00:00,99.3032621443106,L8
2015-01-12 18:21:07+00:00,,L7
2015-01-28 18:21:11+00:00,99.49060990620254,L7
2015-02-13 18:21:12+00:00,116.80344582637755,L7
2015-03-09 18:22:12+00:00,124.8242913650837,L8
2015-03-25 18:22:04+00:00,131.0912703713191,L8
2015-04-02 18:21:38+00:00,,L7
2015-04-10 18:21:55+00:00,135.0927891735017,L8
2015-04-18 18:21:46+00:00,91.46857423939349,L7
2015-04-26 18:21:51+00:00,124.74186868184273,L8
2015-05-12 18:21:35+00:00,,L8
2015-06-21 18:22:09+00:00,123.56094869156544,L7
2015-07-15 18:22:06+00:00,116.12324024602964,L8
2015-07-23 18:22:18+00:00,122.11902399571632,L7
2015-08-08 18:22:22+00:00,119.63145103713907,L7
2015-09-01 18:22:21+00:00,131.37472088785043,L8
2015-09-17 18:22:30+00:00,129.8940860219616,L8
2015-09-25 18:22:31+00:00,,L7
2015-10-03 18:22:34+00:00,121.66127842350029,L8
2015-10-11 18:22:41+00:00,120.94308055645543,L7
2015-10-27 18:22:57+00:00,104.20353476796078,L7
2015-11-04 18:22:40+00:00,111.46464936649272,L8
2015-11-20 18:22:41+00:00,108.90523296178203,L8
2015-11-28 18:23:26+00:00,89.50775880814174,L7
2015-12-30 18:23:55+00:00,60.95407559174582,L7
2016-02-08 18:22:33+00:00,60.62030661874983,L8
2016-02-16 18:24:25+00:00,95.68153678530967,L7
2016-02-24 18:22:26+00:00,61.87155342947764,L8
2016-03-27 18:22:15+00:00,70.5524239821035,L8
2016-04-20 18:24:51+00:00,66.6429389091057,L7
2016-05-22 18:24:59+00:00,84.12015017767932,L7
2016-06-15 18:22:14+00:00,82.75804758251023,L8
2016-06-23 18:25:06+00:00,95.8168684327179,L7
2016-07-09 18:25:06+00:00,105.96487077768789,L7
2016-08-02 18:22:34+00:00,90.2617085232788,L8
2016-08-10 18:25:10+00:00,97.9618230165608,L7
2016-08-18 18:22:38+00:00,98.01969499785926,L8
2016-09-03 18:22:45+00:00,103.6129666595101,L8
2016-09-27 18:25:18+00:00,97.85728362873851,L7
2016-10-05 18:22:49+00:00,102.09864315564002,L8
2016-10-13 18:25:18+00:00,96.2846716436594,L7
2016-10-21 18:22:53+00:00,93.49444413908756,L8
2016-11-06 18:22:53+00:00,89.80089473057292,L8
2016-11-14 18:25:05+00:00,70.55684449229733,L7
2016-11-22 18:22:53+00:00,85.29193412069634,L8
2016-11-30 18:25:03+00:00,76.3532191308563,L7
2016-12-08 18:22:51+00:00,95.17010690703184,L8
2017-01-01 18:24:50+00:00,64.96264533477789,L7
2017-01-17 18:24:40+00:00,85.62499043167334,L7
2017-01-25 18:22:38+00:00,59.108169606066014,L8
2017-02-02 18:24:32+00:00,55.80915285976045,L7
2017-03-06 18:24:40+00:00,90.27762830202013,L7
2017-03-14 18:22:16+00:00,69.02593803903176,L8
2017-03-30 18:22:08+00:00,74.31640569211807,L8
2017-04-15 18:22:00+00:00,84.66843763888238,L8
2017-05-01 18:21:49+00:00,102.06899536447445,L8
2017-06-02 18:22:10+00:00,,L8
2017-07-12 18:25:12+00:00,97.35538446652214,L7
2017-07-20 18:22:25+00:00,,L8
2017-08-05 18:22:32+00:00,90.97956941984923,L8
2017-08-21 18:22:37+00:00,94.06646578047678,L8
2017-09-30 18:25:08+00:00,105.03919624263767,L7
2017-10-08 18:22:49+00:00,101.50141944969128,L8
2017-10-16 18:25:11+00:00,91.12777368018402,L7
2017-10-24 18:22:51+00:00,95.83065722295515,L8
2017-11-25 18:22:43+00:00,93.70891163251082,L8
2017-12-11 18:22:42+00:00,104.19107371311347,L8
2017-12-19 18:24:52+00:00,93.30924684567735,L7
2017-12-27 18:22:43+00:00,114.31126907258157,L8
2018-01-04 18:24:40+00:00,66.81357591408111,L7
2018-01-28 18:22:28+00:00,98.4723248614075,L8
2018-02-05 18:24:09+00:00,93.5315927022399,L7
2018-02-13 18:22:22+00:00,,L8
2018-03-01 18:22:15+00:00,74.10169557276377,L8
2018-03-09 18:23:49+00:00,97.81508871178644,L7
2018-03-17 18:22:06+00:00,83.76385144573027,L8
2018-03-25 18:23:36+00:00,107.6875334426162,L7
2018-04-10 18:23:22+00:00,106.3746789503304,L7
2018-04-18 18:21:49+00:00,86.87277444417711,L8
2018-04-26 18:23:05+00:00,84.89046072721115,L7
2018-05-04 18:21:41+00:00,111.56006903944085,L8
2018-07-07 18:21:39+00:00,96.82580497047863,L8
2018-07-15 18:21:40+00:00,,L7
2018-07-23 18:21:46+00:00,89.5856137846835,L8
2018-07-31 18:21:23+00:00,106.1040020311274,L7
2018-08-08 18:21:55+00:00,91.97118380520374,L8
2018-08-16 18:21:05+00:00,104.00865646629906,L7
2018-08-24 18:22:03+00:00,95.4528479452976,L8
2018-09-01 18:20:45+00:00,114.60193560882439,L7
2018-09-17 18:20:24+00:00,103.06879068593638,L7
2018-10-19 18:19:38+00:00,107.3537122115196,L7
2018-11-12 18:22:29+00:00,106.895081127268,L8
2018-12-30 18:22:25+00:00,85.52033350375568,L8
2019-01-07 18:17:34+00:00,49.547103422305575,L7
2019-01-23 18:17:03+00:00,49.18779814833937,L7
2019-02-08 18:16:34+00:00,70.86213096671284,L7
2019-02-16 18:22:17+00:00,85.32922271768699,L8
2019-02-24 18:16:05+00:00,97.51027138169056,L7
2019-03-12 18:15:34+00:00,86.2722992235638,L7
2019-03-28 18:15:02+00:00,112.42817987280341,L7
2019-04-13 18:14:28+00:00,94.54785267619873,L7
2019-06-08 18:22:20+00:00,123.84490077655143,L8
2019-07-02 18:11:30+00:00,98.69754450667199,L7
2019-07-10 18:22:29+00:00,112.15876313819791,L8
2019-07-18 18:10:53+00:00,115.13101932064261,L7
2019-07-26 18:22:33+00:00,112.37432798161444,L8
2019-08-11 18:22:40+00:00,108.89286614886727,L8
2019-08-19 18:09:34+00:00,120.4069926356,L7
2019-08-27 18:22:44+00:00,107.34675718748404,L8
2019-09-20 18:08:10+00:00,118.88084167701948,L7
2019-10-06 18:07:30+00:00,110.82451823141577,L7
2019-10-14 18:22:56+00:00,122.59275244343756,L8
2019-10-22 18:06:50+00:00,106.42993207280178,L7
2019-10-30 18:22:56+00:00,109.93691242691855,L8
2019-11-15 18:22:53+00:00,112.26885668191997,L8
2019-11-23 18:05:22+00:00,110.67584646633762,L7
2019-12-01 18:22:52+00:00,,L8
2019-12-09 18:04:35+00:00,101.09648259942155,L7
2020-01-02 18:22:45+00:00,89.26511823075693,L8
2020-01-10 18:02:56+00:00,79.89730595118935,L7
2020-01-18 18:22:42+00:00,103.61401113010075,L8
2020-02-11 18:01:21+00:00,,L7
2020-03-06 18:22:28+00:00,113.58736628309678,L8
2020-03-22 18:22:20+00:00,107.676221008586,L8
2020-03-30 17:58:44+00:00,128.21809622017108,L7
2020-04-15 17:57:49+00:00,129.60144366267036,L7
2020-04-23 18:22:05+00:00,109.81359194710387,L8
2020-06-10 18:22:09+00:00,123.02952029237726,L8
2020-06-18 17:54:00+00:00,82.5231352658115,L7
2020-07-04 17:53:03+00:00,90.79115648663364,L7
2020-07-12 18:22:24+00:00,,L8
2020-08-05 17:51:05+00:00,110.73602863734132,L7
2020-08-13 18:22:32+00:00,111.57079367115641,L8
2020-08-21 17:50:03+00:00,117.12106564394985,L7
2020-08-29 18:22:41+00:00,103.1365489990455,L8
2020-09-06 17:49:01+00:00,119.52325540324074,L7
2020-09-14 18:22:47+00:00,97.3074185092364,L8
2020-09-30 18:22:51+00:00,113.21153223122599,L8
2020-10-16 18:22:53+00:00,118.21193935242975,L8
2020-11-09 17:44:49+00:00,,L7
2020-11-17 18:22:51+00:00,101.69932602429797,L8
2020-11-25 17:43:41+00:00,112.21784004192457,L7
2020-12-03 18:22:54+00:00,102.27571961639752,L8
2020-12-11 17:42:30+00:00,,L7
2020-12-19 18:22:53+00:00,92.50663377323365,L8
2021-01-04 18:22:48+00:00,68.39838445297636,L8
2021-01-12 17:40:13+00:00,,L7
2021-02-05 18:22:40+00:00,106.2486616514283,L8
2021-02-21 18:22:35+00:00,98.26560922560013,L8
2021-03-01 17:36:39+00:00,,L7
2021-03-09 18:22:27+00:00,,L8
2021-03-17 17:35:24+00:00,96.7594018469372,L7
2021-04-02 17:34:06+00:00,103.32644991103439,L7
2021-04-10 18:22:16+00:00,68.12772931971656,L8
2021-05-28 18:22:16+00:00,95.26626166645234,L8
2021-06-05 17:28:42+00:00,98.51465673451415,L7
2021-06-13 18:22:22+00:00,98.81084910842281,L8
2021-08-24 17:21:53+00:00,117.11590226296285,L7
2021-09-17 18:22:50+00:00,103.45554537487635,L8
2021-10-19 18:22:59+00:00,104.04315675582363,L8
2021-10-27 17:16:12+00:00,81.65498571999677,L7
2021-11-12 17:14:41+00:00,,L7
2021-11-28 17:13:08+00:00,98.33893259497086,L7
2021-12-30 17:10:03+00:00,75.86323368197267,L7
