dates,PF592,satname
1984-03-23 17:50:13+00:00,148.6550868995681,L5
1984-05-06 17:49:52+00:00,128.30382444734096,L5
1984-12-16 17:52:39+00:00,,L5
1985-04-23 17:52:47+00:00,133.0752828034776,L5
1985-08-13 17:52:13+00:00,143.62783040658377,L5
1985-09-14 17:51:50+00:00,132.26665796739144,L5
1985-11-01 17:51:17+00:00,121.16967257767062,L5
1986-02-05 17:49:27+00:00,106.76642350934986,L5
1986-02-21 17:49:05+00:00,105.07527321506542,L5
1986-03-25 17:48:25+00:00,93.23499333841335,L5
1986-05-12 17:47:17+00:00,131.96614313673518,L5
1986-06-13 17:46:21+00:00,138.72477664498376,L5
1986-07-15 17:45:17+00:00,140.33964407014878,L5
1986-09-01 17:43:32+00:00,131.30507396342938,L5
1986-10-03 17:42:31+00:00,117.11380951474689,L5
1986-11-04 17:41:25+00:00,99.90937772392289,L5
1986-12-22 17:41:34+00:00,119.76470248135209,L5
1987-01-23 17:42:29+00:00,,L5
1987-02-08 17:43:05+00:00,128.65043587067083,L5
1987-03-28 17:44:54+00:00,112.113620644079,L5
1987-04-13 17:45:26+00:00,116.77432250504927,L5
1987-05-31 17:46:46+00:00,150.28273863995264,L5
1987-06-16 17:47:08+00:00,154.9759978505985,L5
1987-07-02 17:47:28+00:00,156.4499986331851,L5
1987-07-18 17:47:46+00:00,156.33978213151465,L5
1987-08-19 17:48:43+00:00,149.33477616431563,L5
1987-09-04 17:49:08+00:00,148.8614072723393,L5
1988-03-30 17:52:35+00:00,104.15049308165703,L5
1988-05-01 17:52:46+00:00,99.63960658025508,L5
1988-07-04 17:53:12+00:00,125.72351696379917,L5
1988-07-20 17:53:15+00:00,126.31612467480075,L5
1988-09-22 17:53:14+00:00,131.94125465572046,L5
1989-03-17 17:51:38+00:00,125.68164564103145,L5
1989-04-02 17:51:36+00:00,123.97985258586463,L5
1989-06-05 17:50:45+00:00,117.11525626344184,L5
1989-06-21 17:50:19+00:00,115.9837627957808,L5
1989-08-24 17:49:03+00:00,137.73886449666162,L5
1989-09-09 17:48:38+00:00,138.854553546919,L5
1989-10-27 17:47:16+00:00,125.74872873726801,L5
1989-11-28 17:46:28+00:00,118.15141785606579,L5
1990-05-07 17:42:44+00:00,116.94200956857122,L5
1990-06-08 17:42:43+00:00,,L5
1990-06-24 17:42:42+00:00,117.93659818298886,L5
1990-08-27 17:42:26+00:00,134.19625934653803,L5
1990-09-12 17:42:24+00:00,125.60110413105355,L5
1990-10-14 17:42:08+00:00,126.86982762050368,L5
1991-04-08 17:44:20+00:00,127.15377873394968,L5
1991-09-15 17:46:27+00:00,131.65126507959053,L5
1992-01-21 17:46:48+00:00,85.697616115112,L5
1992-04-26 17:46:24+00:00,138.6399538284133,L5
1992-05-12 17:46:15+00:00,133.22518998153907,L5
1992-06-13 17:45:55+00:00,120.9535686007181,L5
1992-08-16 17:45:05+00:00,127.05922230149358,L5
1992-10-03 17:44:13+00:00,,L5
1992-10-19 17:44:00+00:00,140.60793811668486,L5
1992-11-04 17:43:46+00:00,138.3421593794636,L5
1992-12-06 17:43:46+00:00,133.8846046239874,L5
1992-12-22 17:43:56+00:00,105.58193690430775,L5
1993-01-23 17:44:16+00:00,91.25508493437889,L5
1993-03-28 17:44:44+00:00,127.11736547180536,L5
1993-04-13 17:44:52+00:00,140.60949281010647,L5
1993-05-15 17:45:01+00:00,140.07212322659157,L5
1993-05-31 17:45:05+00:00,140.50829576284883,L5
1993-06-16 17:45:03+00:00,120.48255430396868,L5
1993-10-22 17:44:41+00:00,146.92921375062699,L5
1993-11-07 17:44:35+00:00,144.43898944766985,L5
1993-12-09 17:44:24+00:00,129.8890403682908,L5
1994-01-10 17:44:00+00:00,97.6335040433128,L5
1994-01-26 17:43:47+00:00,86.9804691878208,L5
1994-02-11 17:43:38+00:00,79.4243224341524,L5
1994-02-27 17:43:23+00:00,96.6084125538622,L5
1994-03-15 17:43:09+00:00,110.9283149718676,L5
1994-05-18 17:42:00+00:00,,L5
1994-06-19 17:41:22+00:00,130.79740454428006,L5
1994-07-05 17:40:57+00:00,130.71194618207412,L5
1994-07-21 17:40:31+00:00,120.41437975887881,L5
1994-08-06 17:40:04+00:00,,L5
1994-08-22 17:39:41+00:00,124.22717754830293,L5
1994-09-07 17:39:17+00:00,117.95680065195008,L5
1994-09-23 17:38:51+00:00,137.59973933601742,L5
1994-10-09 17:38:23+00:00,139.52475944555476,L5
1994-12-12 17:36:16+00:00,130.03823071661043,L5
1995-01-13 17:35:10+00:00,,L5
1995-06-06 17:29:06+00:00,133.58421221056162,L5
1995-09-10 17:24:43+00:00,140.1854805579328,L5
1996-02-01 17:27:03+00:00,,L5
1996-04-05 17:31:16+00:00,119.03658518079979,L5
1996-04-21 17:32:15+00:00,119.63241864630022,L5
1996-05-07 17:33:11+00:00,128.89478126409836,L5
1996-05-23 17:34:06+00:00,122.66803301703722,L5
1996-06-08 17:35:00+00:00,136.97344212505834,L5
1996-09-12 17:40:08+00:00,138.41392969668934,L5
1996-10-14 17:41:49+00:00,125.2216752477149,L5
1996-12-01 17:44:08+00:00,129.30154497546226,L5
1996-12-17 17:44:52+00:00,125.36710468349943,L5
1997-01-18 17:46:23+00:00,135.5188600243872,L5
1997-02-03 17:47:06+00:00,131.0024714454181,L5
1997-02-19 17:47:47+00:00,112.69149895092629,L5
1997-03-07 17:48:26+00:00,117.44652591570258,L5
1997-04-24 17:50:12+00:00,115.30243116640533,L5
1997-06-27 17:52:25+00:00,149.30825545748735,L5
1997-08-14 17:54:01+00:00,132.93542831318558,L5
1997-08-30 17:54:30+00:00,123.8686605731371,L5
1997-10-17 17:55:51+00:00,110.09053173650915,L5
1997-11-02 17:56:17+00:00,104.74159142569991,L5
1997-11-18 17:56:39+00:00,103.50369632272265,L5
1997-12-04 17:57:03+00:00,99.1923176783531,L5
1998-01-21 17:58:09+00:00,103.03893055212819,L5
1998-03-10 17:59:04+00:00,111.92259420192119,L5
1998-04-27 17:59:41+00:00,103.77305989008767,L5
1998-06-14 18:00:25+00:00,136.4146980518172,L5
1998-06-30 18:00:37+00:00,135.37478203789976,L5
1998-08-01 18:00:53+00:00,138.18766632325122,L5
1998-10-04 18:01:23+00:00,128.40223075401056,L5
1998-10-20 18:01:22+00:00,128.66480272336568,L5
1998-11-21 18:01:35+00:00,117.2668398335897,L5
1998-12-07 18:01:30+00:00,109.26691911837203,L5
1998-12-23 18:01:36+00:00,110.12629059231688,L5
1999-01-08 18:01:35+00:00,137.97953955063088,L5
1999-02-25 18:01:47+00:00,138.35762024698468,L5
1999-03-13 18:01:35+00:00,133.6200247344849,L5
1999-08-04 18:00:15+00:00,143.94634910738353,L5
1999-08-12 18:15:26+00:00,140.6866430609663,L7
1999-09-29 18:15:34+00:00,136.95223766930485,L7
1999-10-23 17:59:02+00:00,140.46565706209387,L5
1999-10-31 18:15:26+00:00,146.0498933055465,L7
1999-11-24 17:57:54+00:00,111.75509515758945,L5
1999-12-02 18:15:21+00:00,132.40600012714606,L7
1999-12-18 18:15:29+00:00,134.5764144815974,L7
1999-12-26 17:57:39+00:00,109.57273829391761,L5
2000-01-03 18:15:22+00:00,116.49301901731656,L7
2000-01-27 17:57:01+00:00,146.83626411796467,L5
2000-02-04 18:15:19+00:00,111.90911028108167,L7
2000-03-23 18:15:09+00:00,,L7
2000-03-31 17:56:57+00:00,121.61303095273878,L5
2000-04-16 17:57:11+00:00,132.28622218023756,L5
2000-04-24 18:14:52+00:00,141.57723469625046,L7
2000-05-02 17:58:01+00:00,136.0159145364206,L5
2000-05-18 17:58:20+00:00,132.6564642517065,L5
2000-05-26 18:14:30+00:00,141.7435732637258,L7
2000-06-11 18:14:24+00:00,137.9739336389447,L7
2000-06-19 17:59:00+00:00,137.61493526901623,L5
2000-07-05 17:59:21+00:00,135.80348602773512,L5
2000-07-13 18:14:01+00:00,135.27061588932105,L7
2000-08-22 18:00:17+00:00,141.98643848301185,L5
2000-10-17 18:12:42+00:00,138.86943828346125,L7
2000-10-25 18:01:17+00:00,144.75658888230424,L5
2000-11-02 18:12:54+00:00,141.46483624196713,L7
2000-11-18 18:12:52+00:00,143.74200756393816,L7
2000-11-26 18:01:45+00:00,117.23872856924649,L5
2000-12-04 18:12:52+00:00,138.04288654319043,L7
2000-12-28 18:02:15+00:00,108.07270250270466,L5
2001-01-13 18:02:23+00:00,101.65422998564523,L5
2001-03-18 18:02:42+00:00,143.1095953978981,L5
2001-04-27 18:12:37+00:00,,L7
2001-05-05 18:02:45+00:00,133.62478005849437,L5
2001-05-29 18:12:19+00:00,150.6473994385604,L7
2001-06-14 18:12:08+00:00,154.57124114277462,L7
2001-07-16 18:11:53+00:00,150.1818827190251,L7
2001-07-24 18:02:52+00:00,145.18392340961088,L5
2001-10-04 18:10:48+00:00,139.01787812062094,L7
2001-10-12 18:02:30+00:00,153.2014977193673,L5
2001-10-20 18:10:51+00:00,137.94506366387944,L7
2001-12-07 18:11:06+00:00,132.33836291933545,L7
2002-01-08 18:11:17+00:00,114.81775337638764,L7
2002-01-24 18:11:24+00:00,120.06378498725866,L7
2002-02-09 18:11:27+00:00,107.78365167119644,L7
2002-05-24 17:59:16+00:00,132.17681267787492,L5
2002-06-01 18:11:09+00:00,141.89287321813563,L7
2002-06-17 18:11:03+00:00,146.76501790526777,L7
2002-07-27 17:57:48+00:00,136.36885080469278,L5
2002-08-28 17:56:49+00:00,133.92033012114697,L5
2002-09-13 17:56:32+00:00,136.66253367551388,L5
2002-10-07 18:10:15+00:00,137.54569139886922,L7
2002-10-23 18:10:20+00:00,136.5125487743482,L7
2002-11-16 17:54:24+00:00,135.8759053356552,L5
2002-12-02 17:54:05+00:00,123.35356810454653,L5
2002-12-18 17:54:12+00:00,82.2654723989721,L5
2002-12-26 18:10:53+00:00,102.84950575862322,L7
2003-01-03 17:54:40+00:00,93.50506693020658,L5
2003-01-11 18:10:55+00:00,115.38821852497631,L7
2003-01-19 17:55:01+00:00,95.35269009726528,L5
2003-01-27 18:11:02+00:00,108.16802326016435,L7
2003-02-20 17:55:43+00:00,94.60378130877342,L5
2003-02-28 18:11:14+00:00,115.04396868489923,L7
2003-04-01 18:11:16+00:00,115.42391793613993,L7
2003-04-09 17:57:00+00:00,148.81773725822217,L5
2003-04-25 17:57:22+00:00,144.2192770781702,L5
2003-05-11 17:57:41+00:00,141.79025515609106,L5
2003-08-07 18:10:56+00:00,140.91268967591097,L7
2003-08-23 18:10:56+00:00,139.996538796356,L7
2003-11-03 18:00:33+00:00,138.10402177171207,L5
2003-11-19 18:00:55+00:00,145.50494104616052,L5
2003-12-05 18:01:04+00:00,132.12681753904195,L5
2003-12-21 18:01:13+00:00,114.02283920180312,L5
2004-01-14 18:11:28+00:00,122.51635047889589,L7
2004-01-22 18:01:22+00:00,95.12935495723073,L5
2004-01-30 18:11:37+00:00,130.99031112991088,L7
2004-02-07 18:01:25+00:00,103.51986249743618,L5
2004-02-15 18:11:39+00:00,135.2459375692734,L7
2004-03-10 18:01:36+00:00,108.80170754093112,L5
2004-04-11 18:02:08+00:00,143.67833718690844,L5
2004-04-19 18:11:40+00:00,,L7
2004-04-27 18:02:35+00:00,145.5848317099948,L5
2004-05-13 18:03:03+00:00,141.40826088430705,L5
2004-05-29 18:03:30+00:00,141.29204371903543,L5
2004-06-06 18:11:38+00:00,136.94178406895946,L7
2004-07-16 18:04:54+00:00,143.31172521760712,L5
2004-08-25 18:11:19+00:00,148.22118906513634,L7
2004-09-10 18:11:13+00:00,137.3341595757679,L7
2004-09-18 18:06:28+00:00,132.4058963867801,L5
2004-10-12 18:11:06+00:00,139.58578953628532,L7
2004-11-21 18:07:43+00:00,140.97074151466524,L5
2004-11-29 18:11:39+00:00,131.43801587438728,L7
2004-12-15 18:11:45+00:00,107.61565026936587,L7
2004-12-23 18:08:23+00:00,134.44573544857252,L5
2005-01-16 18:11:57+00:00,148.1894890179263,L7
2005-01-24 18:08:47+00:00,101.31508454479939,L5
2005-02-01 18:12:01+00:00,140.3604585199139,L7
2005-02-09 18:09:00+00:00,115.7917136966717,L5
2005-03-05 18:12:14+00:00,149.0544790038885,L7
2005-03-21 18:12:14+00:00,137.94223000624885,L7
2005-03-29 18:09:37+00:00,135.65342181126238,L5
2005-04-30 18:09:45+00:00,149.60082774735807,L5
2005-05-08 18:12:09+00:00,133.92730680624567,L7
2005-06-17 18:10:06+00:00,157.30235867426836,L5
2005-06-25 18:11:57+00:00,146.30056625796658,L7
2005-08-28 18:11:46+00:00,156.36653863089447,L7
2005-09-13 18:11:36+00:00,148.4791991912995,L7
2005-09-21 18:10:39+00:00,134.90470564690935,L5
2005-09-29 18:11:37+00:00,152.09820867628935,L7
2005-10-07 18:10:36+00:00,131.55899622359067,L5
2005-10-31 18:11:53+00:00,145.18176289798922,L7
2005-11-16 18:12:03+00:00,132.82236712509155,L7
2005-11-24 18:11:11+00:00,144.84772226431946,L5
2006-01-03 18:12:19+00:00,93.65409476015515,L7
2006-01-19 18:12:28+00:00,101.32100185092558,L7
2006-01-27 18:12:38+00:00,115.34501946682883,L5
2006-02-12 18:13:01+00:00,110.7868879316669,L5
2006-02-20 18:12:37+00:00,157.18186755813667,L7
2006-03-08 18:12:39+00:00,148.96147682136896,L7
2006-03-24 18:12:38+00:00,154.2502758204663,L7
2006-04-09 18:12:35+00:00,139.62770838045338,L7
2006-04-17 18:14:16+00:00,138.75461997529433,L5
2006-06-12 18:12:33+00:00,134.77292159861003,L7
2006-06-20 18:15:13+00:00,144.87212585466622,L5
2006-06-28 18:12:28+00:00,136.60777830502792,L7
2006-07-06 18:15:28+00:00,140.85800537430555,L5
2006-07-14 18:12:20+00:00,138.83383167073674,L7
2006-07-22 18:15:41+00:00,141.22755329994007,L5
2006-08-07 18:15:53+00:00,146.94551128755626,L5
2006-08-15 18:12:13+00:00,141.73325936699035,L7
2006-09-08 18:16:15+00:00,136.64375080108587,L5
2006-09-16 18:12:04+00:00,150.15264636084794,L7
2006-09-24 18:16:27+00:00,143.31594143606102,L5
2006-10-10 18:16:38+00:00,140.15039556870587,L5
2006-10-18 18:12:05+00:00,148.59233310577196,L7
2006-10-26 18:16:49+00:00,140.2458201431359,L5
2006-11-11 18:16:58+00:00,140.76515670929396,L5
2006-11-19 18:12:32+00:00,146.42488976178177,L7
2006-12-05 18:12:40+00:00,128.12279763625835,L7
2006-12-13 18:17:12+00:00,133.7496647184842,L5
2006-12-21 18:12:44+00:00,95.07905459757882,L7
2006-12-29 18:17:19+00:00,130.60593465189498,L5
2007-01-06 18:12:46+00:00,105.15986322349977,L7
2007-01-14 18:17:25+00:00,145.26857907660056,L5
2007-01-22 18:12:48+00:00,125.11440754643132,L7
2007-02-15 18:17:32+00:00,132.9224705160243,L5
2007-03-11 18:13:04+00:00,147.72054041144708,L7
2007-05-06 18:17:09+00:00,136.13401752570428,L5
2007-05-14 18:12:55+00:00,131.02896901638474,L7
2007-06-23 18:16:26+00:00,143.26249891481544,L5
2007-07-01 18:12:47+00:00,135.02319972665998,L7
2007-08-18 18:12:33+00:00,142.8465072038714,L7
2007-09-03 18:12:26+00:00,138.0587874716394,L7
2007-09-11 18:15:39+00:00,131.2995516488733,L5
2007-10-05 18:12:12+00:00,134.56227898743268,L7
2007-10-21 18:12:25+00:00,126.8869638871905,L7
2007-12-08 18:12:49+00:00,95.30314372245086,L7
2007-12-24 18:12:53+00:00,107.31670932432428,L7
2008-01-09 18:12:54+00:00,102.38346090362958,L7
2008-01-17 18:13:38+00:00,133.55756571393977,L5
2008-01-25 18:12:53+00:00,94.93746748671853,L7
2008-02-10 18:12:50+00:00,102.24509047980837,L7
2008-02-26 18:12:46+00:00,136.2488239411683,L7
2008-03-13 18:12:41+00:00,,L7
2008-03-21 18:12:26+00:00,129.91002691965892,L5
2008-04-14 18:12:40+00:00,142.46069297805732,L7
2008-04-22 18:11:40+00:00,130.74656699760487,L5
2008-05-16 18:12:32+00:00,130.0843077261461,L7
2008-06-01 18:12:24+00:00,118.6565938002347,L7
2008-06-25 18:09:56+00:00,134.24855061771632,L5
2008-08-04 18:11:46+00:00,116.89740225319406,L7
2008-08-20 18:11:40+00:00,126.19500514580665,L7
2008-09-21 18:11:23+00:00,140.44939375252284,L7
2008-10-15 18:06:38+00:00,117.6672703175239,L5
2008-10-23 18:11:22+00:00,140.03708114664917,L7
2008-10-31 18:06:04+00:00,124.34736660924804,L5
2008-11-08 18:11:37+00:00,148.48599991610607,L7
2008-11-16 18:05:52+00:00,111.48598321411383,L5
2008-12-10 18:12:00+00:00,138.55836844403672,L7
2008-12-26 18:12:08+00:00,104.62093840507629,L7
2009-01-11 18:12:13+00:00,108.4033999975532,L7
2009-01-27 18:12:18+00:00,102.89654014081263,L7
2009-02-04 18:08:10+00:00,150.23634742912617,L5
2009-02-20 18:08:33+00:00,123.56951802338509,L5
2009-02-28 18:12:35+00:00,114.35771447510763,L7
2009-03-16 18:12:43+00:00,116.56846929737794,L7
2009-03-24 18:09:17+00:00,112.13670341663385,L5
2009-04-01 18:12:49+00:00,126.28593221154865,L7
2009-04-09 18:09:38+00:00,113.80168417946246,L5
2009-04-17 18:12:54+00:00,139.78307310509592,L7
2009-04-25 18:09:56+00:00,120.13868154721473,L5
2009-05-11 18:10:14+00:00,111.46961433822327,L5
2009-07-14 18:11:23+00:00,126.00965945394398,L5
2009-07-22 18:12:50+00:00,126.78758644472802,L7
2009-08-07 18:12:44+00:00,115.38983998623212,L7
2009-08-15 18:11:52+00:00,133.1457602613643,L5
2009-08-23 18:12:43+00:00,115.1978990373295,L7
2009-09-08 18:12:43+00:00,111.04270781302503,L7
2009-09-16 18:12:20+00:00,129.1420163250396,L5
2009-09-24 18:12:41+00:00,117.86086820666509,L7
2009-10-02 18:12:31+00:00,128.38994495731373,L5
2009-10-10 18:12:36+00:00,118.34718337556225,L7
2009-10-26 18:12:53+00:00,123.16356457583788,L7
2009-11-03 18:12:49+00:00,107.69330002568267,L5
2009-11-19 18:12:55+00:00,96.9875800630986,L5
2009-11-27 18:13:18+00:00,119.64029091051643,L7
2009-12-29 18:13:48+00:00,101.69650600330594,L7
2010-01-14 18:14:03+00:00,98.08747803293805,L7
2010-01-30 18:14:16+00:00,87.83913422588193,L7
2010-02-15 18:14:28+00:00,101.44128448120806,L7
2010-03-03 18:14:36+00:00,102.60364564704534,L7
2010-03-11 18:13:30+00:00,123.24507907620001,L5
2010-03-19 18:14:42+00:00,115.66051313580964,L7
2010-03-27 18:13:28+00:00,124.6182258766324,L5
2010-04-12 18:13:26+00:00,110.44400169828324,L5
2010-05-06 18:14:42+00:00,125.64241117878541,L7
2010-05-14 18:13:20+00:00,103.82839215142371,L5
2010-05-30 18:13:15+00:00,110.18761748330252,L5
2010-08-10 18:14:45+00:00,127.48122850493368,L7
2010-08-18 18:12:52+00:00,135.21111847768213,L5
2010-08-26 18:14:48+00:00,112.56758272053813,L7
2010-09-27 18:14:49+00:00,105.25107453824074,L7
2010-10-29 18:15:03+00:00,123.09308501025393,L7
2010-11-06 18:12:21+00:00,105.60336378058489,L5
2010-11-22 18:12:21+00:00,77.32141530627429,L5
2010-11-30 18:15:27+00:00,,L7
2010-12-08 18:12:21+00:00,102.67374677501684,L5
2010-12-24 18:12:26+00:00,95.82180089133594,L5
2011-01-01 18:15:43+00:00,128.0143985037948,L7
2011-01-09 18:12:28+00:00,114.23609782812784,L5
2011-01-17 18:15:51+00:00,111.96061019114418,L7
2011-02-02 18:15:57+00:00,109.63687218821504,L7
2011-02-10 18:12:31+00:00,135.6615019546613,L5
2011-02-18 18:16:00+00:00,98.1652978599196,L7
2011-03-22 18:16:06+00:00,,L7
2011-04-15 18:12:17+00:00,120.72526864353547,L5
2011-05-01 18:12:10+00:00,120.66311766232556,L5
2011-05-25 18:16:08+00:00,143.090423776588,L7
2011-06-02 18:12:00+00:00,119.95359879556398,L5
2011-06-18 18:11:51+00:00,118.09190625659456,L5
2011-07-04 18:11:45+00:00,119.05306811176189,L5
2011-07-12 18:16:04+00:00,115.63349684337325,L7
2011-08-05 18:11:28+00:00,125.6667071651675,L5
2011-08-29 18:15:55+00:00,117.29500797203409,L7
2011-10-08 18:10:37+00:00,137.0362813326293,L5
2011-11-09 18:10:10+00:00,130.14241745526897,L5
2012-01-04 18:16:34+00:00,127.58081987529377,L7
2012-01-20 18:16:33+00:00,130.7669872058948,L7
2012-02-05 18:16:38+00:00,115.62053672056072,L7
2012-03-08 18:16:37+00:00,103.01473062180855,L7
2012-04-09 18:16:35+00:00,112.73635545642999,L7
2012-05-11 18:17:14+00:00,133.67296481564202,L7
2012-05-27 18:17:04+00:00,123.89675871743282,L7
2012-07-30 18:17:28+00:00,113.31432885020166,L7
2012-08-31 18:17:50+00:00,118.71017373541656,L7
2012-09-16 18:17:59+00:00,108.9513631253942,L7
2012-10-02 18:18:10+00:00,115.94642973362875,L7
2012-11-03 18:18:23+00:00,112.84714821833937,L7
2012-11-19 18:18:31+00:00,113.52954008380055,L7
2012-12-21 18:18:40+00:00,115.16024519240787,L7
2013-01-06 18:18:42+00:00,128.1216993958634,L7
2013-01-22 18:18:44+00:00,116.45991391035169,L7
2013-02-07 18:18:46+00:00,107.88805107971115,L7
2013-02-23 18:18:42+00:00,111.05618423429122,L7
2013-03-11 18:18:41+00:00,106.86394986250622,L7
2013-04-12 18:18:33+00:00,106.93520552808017,L7
2013-04-20 18:24:20+00:00,140.2198344895694,L8
2013-05-30 18:18:18+00:00,115.09774969225865,L7
2013-06-15 18:18:12+00:00,123.9727872155678,L7
2013-07-17 18:17:55+00:00,128.24570784081163,L7
2013-08-02 18:17:48+00:00,126.13307369971115,L7
2013-08-10 18:24:33+00:00,120.89337131443891,L8
2013-09-03 18:18:04+00:00,,L7
2013-09-19 18:18:14+00:00,108.87042975607528,L7
2013-09-27 18:24:25+00:00,125.88523943468329,L8
2013-10-05 18:18:26+00:00,111.65481032027634,L7
2013-10-13 18:24:25+00:00,133.58229719371883,L8
2013-10-21 18:18:36+00:00,105.70378238561086,L7
2013-10-29 18:24:16+00:00,127.99776697086608,L8
2013-11-06 18:18:41+00:00,110.22589640864715,L7
2013-11-14 18:24:15+00:00,131.2796792621657,L8
2013-12-16 18:24:03+00:00,,L8
2013-12-24 18:18:56+00:00,113.07533264911496,L7
2014-01-01 18:23:56+00:00,100.61195927482234,L8
2014-01-09 18:18:59+00:00,131.77488824732242,L7
2014-01-17 18:23:41+00:00,108.6432106120348,L8
2014-01-25 18:19:20+00:00,124.15706654541881,L7
2014-02-18 18:23:22+00:00,103.14450212683774,L8
2014-03-14 18:19:24+00:00,104.5775554222636,L7
2014-03-30 18:19:31+00:00,105.32417154227787,L7
2014-04-07 18:22:41+00:00,140.73498422127608,L8
2014-04-23 18:22:25+00:00,,L8
2014-05-01 18:19:46+00:00,110.1921825426085,L7
2014-05-09 18:22:09+00:00,,L8
2014-05-17 18:19:53+00:00,112.33513899895425,L7
2014-05-25 18:22:04+00:00,117.92087736921732,L8
2014-06-02 18:19:56+00:00,111.15040639733613,L7
2014-06-18 18:19:57+00:00,129.6234008973688,L7
2014-07-04 18:20:04+00:00,134.07988792154688,L7
2014-07-12 18:22:24+00:00,111.67351796246203,L8
2014-07-28 18:22:28+00:00,116.73253864109955,L8
2014-08-05 18:20:12+00:00,136.2013004535931,L7
2014-08-29 18:22:37+00:00,104.54659910485988,L8
2014-09-06 18:20:12+00:00,126.12065925895911,L7
2014-09-14 18:22:41+00:00,106.29302443429557,L8
2014-09-22 18:20:17+00:00,120.6941400930048,L7
2014-09-30 18:22:42+00:00,112.44299860707494,L8
2014-10-08 18:20:29+00:00,101.5300822828591,L7
2014-10-16 18:22:47+00:00,120.50199250653796,L8
2014-10-24 18:20:38+00:00,103.45089837926733,L7
2014-11-09 18:20:48+00:00,102.87982774293592,L7
2014-11-17 18:22:44+00:00,116.70311003818738,L8
2014-11-25 18:20:51+00:00,92.51924191769545,L7
2014-12-19 18:22:40+00:00,112.57040698402025,L8
2014-12-27 18:21:04+00:00,106.31757951465462,L7
2015-01-04 18:22:35+00:00,104.1628063778883,L8
2015-01-12 18:21:07+00:00,,L7
2015-01-28 18:21:11+00:00,107.51244170016798,L7
2015-02-13 18:21:12+00:00,120.54061312176489,L7
2015-03-09 18:22:12+00:00,107.56729214413004,L8
2015-03-25 18:22:04+00:00,123.77290617824208,L8
2015-04-02 18:21:38+00:00,107.58459608347059,L7
2015-04-10 18:21:55+00:00,,L8
2015-04-18 18:21:46+00:00,108.62064467186033,L7
2015-04-26 18:21:51+00:00,134.54276154463008,L8
2015-05-12 18:21:35+00:00,139.24138491751387,L8
2015-06-21 18:22:09+00:00,104.93564230870345,L7
2015-07-15 18:22:06+00:00,111.14787437133984,L8
2015-07-23 18:22:18+00:00,119.74489842076562,L7
2015-08-08 18:22:22+00:00,134.4098624677316,L7
2015-09-01 18:22:21+00:00,111.04732093629708,L8
2015-09-17 18:22:30+00:00,113.62967254667032,L8
2015-09-25 18:22:31+00:00,,L7
2015-10-03 18:22:34+00:00,111.6732641100937,L8
2015-10-11 18:22:41+00:00,107.24583737239989,L7
2015-10-27 18:22:57+00:00,109.82868130353255,L7
2015-11-04 18:22:40+00:00,,L8
2015-11-20 18:22:41+00:00,115.14163498200205,L8
2015-11-28 18:23:26+00:00,99.48407809043655,L7
2015-12-30 18:23:55+00:00,95.15321343098643,L7
2016-02-08 18:22:33+00:00,94.04890619267721,L8
2016-02-16 18:24:25+00:00,113.50342280357583,L7
2016-02-24 18:22:26+00:00,100.09293666497689,L8
2016-03-27 18:22:15+00:00,111.04489674802858,L8
2016-04-20 18:24:51+00:00,113.16870642711797,L7
2016-05-22 18:24:59+00:00,107.18734290057422,L7
2016-06-15 18:22:14+00:00,115.97927153995985,L8
2016-06-23 18:25:06+00:00,106.16210179152806,L7
2016-07-09 18:25:06+00:00,115.07255795093964,L7
2016-08-02 18:22:34+00:00,109.50738157104936,L8
2016-08-10 18:25:10+00:00,121.50309703310708,L7
2016-08-18 18:22:38+00:00,111.80532689716853,L8
2016-09-03 18:22:45+00:00,110.33261217371118,L8
2016-09-27 18:25:18+00:00,122.9059205920002,L7
2016-10-05 18:22:49+00:00,106.65415085526702,L8
2016-10-13 18:25:18+00:00,116.12852976128534,L7
2016-10-21 18:22:53+00:00,109.96513163368036,L8
2016-11-06 18:22:53+00:00,106.50967599473768,L8
2016-11-14 18:25:05+00:00,104.91890415641188,L7
2016-11-22 18:22:53+00:00,116.4189941353257,L8
2016-11-30 18:25:03+00:00,101.22165232907912,L7
2016-12-08 18:22:51+00:00,137.39166697900424,L8
2017-01-01 18:24:50+00:00,84.76045123942976,L7
2017-01-17 18:24:40+00:00,109.51907650244036,L7
2017-01-25 18:22:38+00:00,101.71773315338274,L8
2017-02-02 18:24:32+00:00,101.46080230921213,L7
2017-03-06 18:24:40+00:00,119.79323386536907,L7
2017-03-14 18:22:16+00:00,109.7188418298492,L8
2017-03-30 18:22:08+00:00,98.80517095089016,L8
2017-04-15 18:22:00+00:00,114.5761870077532,L8
2017-05-01 18:21:49+00:00,141.2622345020905,L8
2017-06-02 18:22:10+00:00,,L8
2017-07-12 18:25:12+00:00,106.88679405229914,L7
2017-07-20 18:22:25+00:00,,L8
2017-08-05 18:22:32+00:00,119.20467163973132,L8
2017-08-21 18:22:37+00:00,115.09516721974973,L8
2017-09-30 18:25:08+00:00,132.32735003221137,L7
2017-10-08 18:22:49+00:00,108.29526004490431,L8
2017-10-16 18:25:11+00:00,136.71327291689624,L7
2017-10-24 18:22:51+00:00,113.6689475480215,L8
2017-11-25 18:22:43+00:00,,L8
2017-12-11 18:22:42+00:00,141.81128438042344,L8
2017-12-19 18:24:52+00:00,112.18719806423326,L7
2017-12-27 18:22:43+00:00,141.6422464789679,L8
2018-01-04 18:24:40+00:00,105.48984288280298,L7
2018-01-28 18:22:28+00:00,127.34195141226088,L8
2018-02-05 18:24:09+00:00,109.16163176266504,L7
2018-02-13 18:22:22+00:00,106.22446619016229,L8
2018-03-01 18:22:15+00:00,110.32198112821199,L8
2018-03-09 18:23:49+00:00,124.20238585833238,L7
2018-03-17 18:22:06+00:00,105.59577464529809,L8
2018-03-25 18:23:36+00:00,136.51361613157712,L7
2018-04-10 18:23:22+00:00,136.90299942866477,L7
2018-04-18 18:21:49+00:00,116.21148463822152,L8
2018-04-26 18:23:05+00:00,124.97248177842906,L7
2018-05-04 18:21:41+00:00,133.8951974579694,L8
2018-07-07 18:21:39+00:00,121.23396248699427,L8
2018-07-15 18:21:40+00:00,99.32600215281691,L7
2018-07-23 18:21:46+00:00,115.89921220461758,L8
2018-07-31 18:21:23+00:00,119.7243098516878,L7
2018-08-08 18:21:55+00:00,116.45149766402074,L8
2018-08-16 18:21:05+00:00,115.49723546590343,L7
2018-08-24 18:22:03+00:00,,L8
2018-09-01 18:20:45+00:00,117.9128116739226,L7
2018-09-17 18:20:24+00:00,130.93460473355992,L7
2018-10-19 18:19:38+00:00,137.6786581452132,L7
2018-11-12 18:22:29+00:00,113.99930298569397,L8
2018-12-30 18:22:25+00:00,120.92014992184426,L8
2019-01-07 18:17:34+00:00,88.70753100374793,L7
2019-01-23 18:17:03+00:00,93.05237270928839,L7
2019-02-08 18:16:34+00:00,104.98277577652487,L7
2019-02-16 18:22:17+00:00,107.9212337929232,L8
2019-02-24 18:16:05+00:00,130.93395272479302,L7
2019-03-12 18:15:34+00:00,117.01320226732652,L7
2019-03-28 18:15:02+00:00,117.38014019384467,L7
2019-04-13 18:14:28+00:00,140.50182034038585,L7
2019-06-08 18:22:20+00:00,137.32431221413688,L8
2019-07-02 18:11:30+00:00,121.4163164295646,L7
2019-07-10 18:22:29+00:00,141.5145458148319,L8
2019-07-18 18:10:53+00:00,132.16018976214397,L7
2019-07-26 18:22:33+00:00,139.96844525060516,L8
2019-08-11 18:22:40+00:00,137.5662099786886,L8
2019-08-19 18:09:34+00:00,123.85256348271645,L7
2019-08-27 18:22:44+00:00,141.5776306391496,L8
2019-09-20 18:08:10+00:00,124.13194070222855,L7
2019-10-06 18:07:30+00:00,143.25477514233302,L7
2019-10-14 18:22:56+00:00,133.5325395128986,L8
2019-10-22 18:06:50+00:00,137.48960360827968,L7
2019-10-30 18:22:56+00:00,109.82110362088555,L8
2019-11-15 18:22:53+00:00,111.55610514334879,L8
2019-11-23 18:05:22+00:00,126.91234941934464,L7
2019-12-01 18:22:52+00:00,100.86531040717253,L8
2019-12-09 18:04:35+00:00,109.77026069943074,L7
2020-01-02 18:22:45+00:00,110.48692341686711,L8
2020-01-10 18:02:56+00:00,92.54660046058522,L7
2020-01-18 18:22:42+00:00,137.10807524433383,L8
2020-02-11 18:01:21+00:00,88.02801764889973,L7
2020-03-06 18:22:28+00:00,,L8
2020-03-22 18:22:20+00:00,125.52451103493235,L8
2020-03-30 17:58:44+00:00,144.35841590163042,L7
2020-04-15 17:57:49+00:00,152.43782291734672,L7
2020-04-23 18:22:05+00:00,135.37768318039787,L8
2020-06-10 18:22:09+00:00,143.04302165833641,L8
2020-06-18 17:54:00+00:00,115.55205773115634,L7
2020-07-04 17:53:03+00:00,124.13166356030314,L7
2020-07-12 18:22:24+00:00,143.57142449070446,L8
2020-08-05 17:51:05+00:00,126.88202037074831,L7
2020-08-13 18:22:32+00:00,145.25467144479873,L8
2020-08-21 17:50:03+00:00,116.24891548559913,L7
2020-08-29 18:22:41+00:00,139.94875924665612,L8
2020-09-06 17:49:01+00:00,124.03226560327911,L7
2020-09-14 18:22:47+00:00,135.26396686052595,L8
2020-09-30 18:22:51+00:00,138.23266054181607,L8
2020-10-16 18:22:53+00:00,129.695798261168,L8
2020-11-09 17:44:49+00:00,,L7
2020-11-17 18:22:51+00:00,113.16176685365711,L8
2020-11-25 17:43:41+00:00,138.09974525451713,L7
2020-12-03 18:22:54+00:00,117.47687406340367,L8
2020-12-11 17:42:30+00:00,119.43809982657699,L7
2020-12-19 18:22:53+00:00,114.75663415677904,L8
2021-01-04 18:22:48+00:00,105.17426224707195,L8
2021-01-12 17:40:13+00:00,89.08571716495365,L7
2021-02-05 18:22:40+00:00,137.80807948669923,L8
2021-02-21 18:22:35+00:00,131.66790702810573,L8
2021-03-01 17:36:39+00:00,100.9705051913799,L7
2021-03-09 18:22:27+00:00,118.00015269823112,L8
2021-03-17 17:35:24+00:00,124.34941027261418,L7
2021-04-02 17:34:06+00:00,122.29780717900744,L7
2021-04-10 18:22:16+00:00,108.87351476727758,L8
2021-05-28 18:22:16+00:00,,L8
2021-06-05 17:28:42+00:00,131.7013796216713,L7
2021-06-13 18:22:22+00:00,117.36223925739316,L8
2021-08-24 17:21:53+00:00,110.80649259000592,L7
2021-09-17 18:22:50+00:00,122.7400288728316,L8
2021-10-19 18:22:59+00:00,111.44523811476982,L8
2021-10-27 17:16:12+00:00,102.98191216264784,L7
2021-11-12 17:14:41+00:00,120.55170929554816,L7
2021-11-28 17:13:08+00:00,121.06910531811579,L7
2021-12-30 17:10:03+00:00,100.59430820481683,L7
